Watershed,Hname,Hectares,Acres,Date,Type,Year,Code,Comments
1B,1B,8.26,20.4,1972/4/22,PP,1972,001B,
R20A,1A,26.332,65.068,1972/4/22,PP,1972,001A,
20C,pre-1978 1D,8.39,20.72,1972/4/23,PP,1972,001D,
R20B,1C,12.315,30.431,1972/4/23,PP,1972,001C,
SuA,pre-1978 2D,7.568,18.701,1973/4/23,WP,1973,002D,
SuA,pre-1978 10D,14.416,35.623,1973/4/23,WU,1973,010D,
WA,pre-1978 4C,9.221,22.786,1973/4/23,WU,1973,004C,
WA,unassigned ,2.378,5.877,1973/4/23,WU,1973,N/A,
SuB,WC,4.107,10.148,1973/4/23,WU,1973,099C,
SuB,unassigned ,2.369,5.853,1973/4/23,WU,1973,N/A,
WB,pre-1978 4D,11.55,28.55,1973/4/23,WU,1973,004D,
R20B,1C,10,24,1973/4/23,WP,1973,001C,
N4D,10C,2.69,6.647,1973/4/23,WU,1973,010C,
N4D,unassigned ,4.568,11.287,1973/4/23,WU,1973,N/A,
20B,pre-1978 4C,2.62,6.47,1973/4/23,WU,1973,004C,
20B,pre-1978 UC,6.13,15.14,1973/4/23,WU,1973,00UC,
20B,unassigned,14.84,36.67,1973/4/23,WU,1973,N/A,
N1B,N1B,1,2,1973/4/23,WU,1973,N01B,
20C,pre-1978 1D,5.13,12.68,1973/4/23,PU ,1973,001D,
20C,pre-1978 1D,0.86,2.13,1973/4/23,WU,1973,001D,
20C,pre-1978 UD,11.28,27.88,1973/4/23,WU,1973,00UD,
20C,WD,6.53,16.14,1973/4/23,WU,1973,099D,
2C,2C,9,22,1973/4/23,WP,1973,002C,
4F,pre-1978 WC,7.01,17.32,1973/4/23,WU,1973,00WC,
4F,unassigned ,4.07,10.06,1973/4/23,WU,1973,N/A,
FB,WC,11.181,27.628,1973/4/23,WU,1973,099C,
FA,pre-1978 UC,11.089,27.402,1973/4/23,WU,1973,00UC,
SuA,WC,0.869,2.148,1973/4/28,PU,1973,099C,
R20B,1C,2.32,6.43,1973/4/28,PP,1973,001C,
2C,2C,22.95,56.72,1973/4/28,PP ,1973,002C,
SpA,pre-1978 2B,1.552,3.836,1973/5/3,PP,1973,002B,
2B,2B,6.08,15.02,1973/5/3,PP,1973,002B,
1B,1B,11.07,27.36,1973/5/3,PP,1973,001B,
R20A,1A,12.43,30.715,1973/5/8,WU,1973,001A,
R1A,UA,14.414,35.617,1973/5/8,WU,1973,00UA,
R1A,pre-1978 WA,6.685,16.519,1973/5/8,WU,1973,099A,
R1A,unassigned ,7.456,18.425,1973/5/8,WU,1973,N/A,
2A,2A,16.64,41.11,1973/5/8,WU,1973,002A,
1B,pre-1978 4A,7.02,17.35,1973/5/8,WU,1973,004A,
4A,unassigned ,10.13,25.02,1973/5/8,WU,1973,N/A,
20C,pre-1978 1D,8.39,20.73,1974/4/27,PP,1974,001D,
1B,1B,11.07,27.36,1974/4/30,PP,1974,001B,
SpB,pre-1978 WB,14.039,34.691,1974/4/30,PP,1974,099B,
R20A,1A,26.332,65.068,1974/4/30,PP,1974,001A,
R20B,1C,12.315,30.431,1974/5/1,PP,1974,001C,
SuA,pre-1978 2D,7.568,18.701,1975/4/30,PP,1975,002D,
WB,pre-1978 4D,11.55,28.55,1975/4/30,PP,1975,004D,
20C,pre-1978 1D,6.13,15.14,1975/4/30,PP,1975,001D,
SpA,pre-1978 2B,1.55,3.83,1975/5/1,PP,1975,002B,
2B,2B,5.08,12.56,1975/5/1,PP,1975,002B,
2C,2C,17.95,44.42,1975/5/1,PP,1975,002C,
R20A,1A,26.332,65.068,1975/5/3,PP,1975,001A,
WA,pre-1978 4C,9.221,22.786,1975/5/3,PP,1975,004C,
SpA,pre-1978 4B,14.922,36.872,1975/5/3,PP,1975,004B,
R20B,1C,12.315,30.431,1975/5/3,PP,1975,001C,
20B,pre-1978 4C,2.625,6.486,1975/5/3,PP,1975,004C,
2B,2B,1,2.46,1975/5/3,PP,1975,002B,
2A,2A,26.02,64.3,1975/5/3,PP,1975,002A,
1B,1B,12.01,29.69,1975/5/3,PP,1975,001B,
1B,pre-1978 4A,16.41,40.55,1975/5/3,PP,1975,004A,
2C,2C,5,12.3,1975/5/3,PP,1975,002C,
4B,pre-1978 4A,2.09,5.164,1975/5/3,PP,1975,004A,
1B,1B,12.01,29.69,1976/4/26,PP,1976,001B,
R20B,1C,12.315,30.431,1976/4/26,PP,1976,001C,
20C,pre-1978 1D,5.97,14.75,1976/4/27,PP,1976,001D,
R20A,1A,26.332,65.068,1976/4/27,PP,1976,001A,
2B,2B,1.56,3.84,1976/11/15,WU,1976,002B,
R20A,1A,26.332,65.068,1977/4/23,PP,1977,001A,
SuA,pre-1978 2D,7.568,18.701,1977/4/23,PP,1977,002D,
SpA,pre-1978 2B,1.552,3.836,1977/4/23,PP,1977,002B,
R20B,1C,12.315,30.431,1977/4/23,PP,1977,001C,
20C,pre-1978 1D,5.81,14.36,1977/4/23,PP,1977,001D,
2B,2B,6.08,15.02,1977/4/23,PP,1977,002B,
2A,2A,26.02,64.3,1977/4/23,PP,1977,002A,
1B,1B,12.01,29.69,1977/4/23,PP,1977,001B,
2C,2C,22.95,56.72,1977/4/23,PP,1977,002C,
SpB,10B,3.014,7.447,1978/4/21,WU,1978,010B,
R20B,1C,12.315,30.431,1978/4/23,PP,1978,001C,
FB,WC,11.181,27.628,1978/4/24,PP,1978,099C,
1B,1B,4.16,10.28,1978/4/25,PP,1978,001B,south portion
1B,pre-1988 WA,16.73,41.34,1978/4/26,PP,1978,099A,
2B,2B,6.08,15.02,1978/4/26,PP,1978,002B,
1B,1B,7.97,19.69,1978/4/27,PP,1978,001B,north portion
R20A,1A,26.332,65.068,1978/4/28,PP,1978,001A,
SpB,4D,20.366,50.325,1978/4/29,PP,1978,004D,
SpB,pre-1988 WB,15.374,37.989,1978/4/29,PP,1978,099B,
2D,2D,48.41,119.62,1978/5/2,PP,1978,002D,
1D,1D,41.55,102.67,1978/5/2,PP,1978,001D,
20C,3B3UD,5.7,14.09,1978/5/2,PP,1978,033D,
R1B,4H,3.377,8.345,1978/5/2,PP,1978,004H,
White Pasture,White Pasture,166.82,412.22,1979/4/24,PP,1979,WHIT,
C3SC,Unassigned,35.404,87.486,1979/4/24,PP,1979,N/A,
R20A,1A,26.332,65.068,1979/4/26,PP,1979,001A,
R20B,1C,12.315,30.431,1979/4/26,PP,1979,001C,
FA,4E,11.089,27.402,1979/4/26,PP,1979,004E,
4B,4B,54.5,134.67,1979/4/26,PP,1979,004B,
20C,3B3UD,5.7,14.09,1979/4/26,PP,1979,033D,
2A,2A,27.96,69.1,1979/4/26,PP,1979,002A,
1D,1D,41.55,102.67,1979/4/26,PP,1979,001D,
1B,1B,12.01,29.69,1979/4/26,PP,1979,001B,
2C,2C,22.95,56.72,1979/4/26,PP,1979,002C,
N2A,unassigned ,11.376,28.111,1979/4/27,PP,1979,N/A,
HQA,unassigned ,11.634,28.747,1979/4/27,PP,1979,N/A,
HQB,unassigned ,14.83,36.646,1979/4/27,PP,1979,N/A,
HQC,unassigned ,17.48,43.194,1979/4/27,PP,1979,N/A,
HQD,unassigned ,20.939,51.741,1979/4/27,PP,1979,N/A,
Nature Trail,unassigned ,77.779,192.197,1979/4/28,PP,1979,N/A,
K1A,unassigned ,10.519,25.993,1979/4/28,PP,1979,N/A,
2D,2D,29,71,1980/3/20,WP,1980,002D,
C1A,CR3B-3U,93.78,231.73,1980/3/20,WU,1980,C02B,
C3A,C4A,24,59,1980/3/20,WU,1980,C04A,
C3B,C1B,75,185.33,1980/3/20,WU,1980,C01B,
C3C,unassigned ,102.956,254.409,1980/3/20,WU,1980,N/A,
R1B,UD,36.42,89.996,1980/3/20,WU,1980,020D,
HQD,unassigned ,24.372,60.224,1980/4/22,PP,1980,N/A,
HQC,unassigned ,17.48,43.194,1980/4/22,PP,1980,N/A,
HQB,unassigned ,11.379,28.117,1980/4/22,PP,1980,N/A,
HQA,unassigned ,6.762,16.708,1980/4/22,PP,1980,N/A,
N2A,unassigned ,8.32,20.558,1980/4/22,PP,1980,N/A,
AL,unassigned ,12.85,31.74,1980/4/26,PP,1980,N/A,
AL - SC,unassigned ,21.13,52.2,1980/4/26,PP,1980,N/A,
C1SB,Texas Hog Pasture,69.81,172.51,1980/4/26,PP,1980,N/A,
C3SC,unassigned ,127.02,313.873,1980/4/26,PP,1980,N/A,
C3SB,unassigned ,226.27,559.124,1980/4/26,PP,1980,N/A,
C3SA,unassigned ,102.076,252.235,1980/4/26,PP,1980,N/A,
C3A,unassigned ,48.73,120.41,1980/4/26,PP,1980,N/A,
C3B,unassigned ,10,24.71,1980/4/26,PP,1980,N/A,
K1A,unassigned ,104.859,259.112,1980/4/26,PP,1980,N/A,
N1A,unassigned ,37.321,92.222,1980/4/26,PP,1980,N/A,
K4A,unassigned ,53.161,131.363,1980/4/26,PP,1980,N/A,
K2A,unassigned ,66.1,163.336,1980/4/26,PP,1980,N/A,
K1B,unassigned ,181.177,447.697,1980/4/26,PP,1980,N/A,
Nature Trail,unassigned ,95.418,235.783,1980/4/26,PP,1980,N/A,
K20A,unassigned ,83.13,205.418,1980/4/26,PP,1980,N/A,
N4B,unassigned ,56.775,140.293,1980/4/26,PP,1980,N/A,
White Pasture,White Pasture,166.82,412.22,1980/4/26,PP,1980,WHIT,
N20B,unassigned ,84.364,208.467,1980/4/26,PP,1980,N/A,
1B,1B,4.16,10.28,1980/4/28,PP,1980,001B,south portion
1D,1D,41.55,102.67,1980/4/28,PP,1980,001D,
2B,2B,6.08,15.02,1980/4/28,PP,1980,002B,
20C,3B3UD,5.7,14.09,1980/4/28,PP,1980,033D,
R1B,4H,20,49,1980/4/28,PP,1980,004H,
1B,1B,7.97,19.69,1980/4/29,PP,1980,001B,north portion
20C,UC,4.78,11.81,1980/4/29,WU,1980,020C,
R20B,1C,12.315,30.431,1980/4/29,PP,1980,001C,
SuA,10C,2.57,6.351,1980/4/29,WU,1980,010C,
SuA,3U3BC,11.8,29.17,1980/4/29,WU,1980,033C,
R1A,UA,8.039,19.865,1980/4/30,WU,1980,020A,
R20A,1A,26.332,65.068,1980/4/30,PP,1980,001A,
WB,4G,12.33,30.46,1980/5/1,PP,1980,004G,
4A,4A,18.84,46.56,1980/5/3,PP,1980,004A,
N4A,N4A,4,11,1980/5/3,WU,1980,N04A,
R1A,3B3UA,29.124,71.966,1980/5/3,PP,1980,033A,
1B,1B,12.01,29.69,1981/4/23,PP,1981,001B,
R20A,1A,26.332,65.068,1981/4/25,PP,1981,001A,
SpA,10A,24.537,60.631,1981/4/25,PP,1981,010A,
SpA,4C,8.818,21.791,1981/4/25,PP,1981,004C,
2A,2A,27.96,69.1,1981/4/25,PP,1981,002A,
SuA,10C,11.8,29.17,1981/4/28,PP,1981,010C,
SuA,3U3BC,11.8,29.17,1981/4/28,PP,1981,033C,
WA,3U3BB,11.623,28.72,1981/4/28,PP,1981,033B,
R20B,1C,12.315,30.431,1981/4/28,PP,1981,001C,
1D,1D,41.55,102.67,1981/4/28,PP,1981,001D,
4F,4F,16.37,40.44,1981/4/28,PP,1981,004F,
2C,2C,22.95,56.72,1981/4/28,PP,1981,002C,
2D,2D,48.41,119.62,1982/4/21,PP,1982,002D,
1D,1D,41.55,102.67,1982/4/21,PP,1982,001D,
2B,2B,6.08,15.02,1982/4/21,PP,1982,002B,
R1B,4H,3.377,8.345,1982/4/21,PP,1982,004H,
SuA,3U3BC,11.8,29.17,1982/4/21,PP,1982,033C,
1B,1B,12.01,29.69,1982/4/22,PP,1982,001B,
R20B,1C,12.315,30.431,1982/4/22,PP,1982,001C,
Nature Trail,unassigned ,54.727,135.234,1982/4/22,PP,1982,N/A,
SpB,4D,20.366,50.325,1982/4/22,PP,1982,004D,
WA,3U3BB,11.623,28.72,1982/4/22,PP,1982,033B,
R20A,1A,26.332,65.068,1982/4/22,PP,1982,001A,
AL,unassigned ,1.316,3.251,1983/3/14,PP,1983,N/A,
WA,3U3BB,11.623,28.72,1983/4/18,PP,1983,033B,
R20B,1C,12.315,30.431,1983/4/18,PP,1983,001C,
2C,2C,22.95,56.72,1983/4/18,PP,1983,002C,
FA,4E,11.089,27.402,1983/4/18,PP,1983,004E,
R20A,1A,26.332,65.068,1983/4/20,PP,1983,001A,
2A,2A,27.96,69.1,1983/4/20,PP,1983,002A,
1D,1D,41.55,102.67,1983/4/20,PP,1983,001D,
1B,pre-1988 WA,23.88,59,1983/4/20,PP,1983,099A,
1B,1B,12.01,29.69,1983/4/20,PP,1983,001B,
4B,4B,54.5,134.67,1983/4/20,PP,1983,004B,
C3SB,unassigned ,1.266,3.129,1983/4/21,PP,1983,N/A,
HQB,unassigned ,3.79,9.365,1983/4/26,PP,1983,N/A,
SuA,3U3BC,11.8,29.17,1983/4/29,PP,1983,033C,
SpB,pre-1988 WB,15.374,37.989,1983/4/29,PP,1983,099B,
FB,WC,11.181,27.628,1983/4/29,PP,1983,099C,
White Pasture,White Pasture,166.82,412.22,1983/4/30,PP,1983,WHIT,
Nature Trail,unassigned ,55.97,138.305,1983/4/30,PP,1983,N/A,
C1A,CR3B-3U,3.08,7.6,1983/4/30,WU,1983,C02B,
K1A,K1A,2.54,6.276,1983/4/30,PP,1983,K01A,
C3C,C1A,1.653,4.084,1983/4/30,WU,1983,C01A,
C3B,CUA,5.164,12.762,1983/4/30,WU,1983,C20A,
C3A,CUA,8,20,1983/4/30,WU,1983,C20A,
C3SC,unassigned ,59.478,146.973,1983/4/30,PP,1983,N/A,
N2A,N2A,13.317,32.906,1984/2/3,WU,1984,N02A,
AL,unassigned ,1.09,2.693,1984/4/13,PP,1984,N/A,
4A,4A,18.84,46.56,1984/4/18,PP,1984,004A,
R1A,3B3UA,29.124,71.966,1984/4/18,PP,1984,033A,
N4A,N4A,99.196,245.118,1984/4/18,PP,1984,N04A,
2D,2D,48.41,119.62,1984/4/19,PP,1984,002D,
1D,1D,41.55,102.67,1984/4/19,PP,1984,001D,
20C,3B3UD,5.7,14.09,1984/4/19,PP,1984,033D,
R20B,1C,12.315,30.431,1984/4/19,PP,1984,001C,
N1A,N1A,60,148,1984/4/19,PP,1984,N01ASW,
WB,4G,12.33,30.46,1984/4/19,PP,1984,004G,
1B,1B,12.01,29.69,1984/4/28,PP,1984,001B,
2B,2B,6.08,15.02,1984/4/28,PP,1984,002B,
N1A,N1A,34,84,1984/4/28,PP,1984,N01ANE,
R20A,1A,26.332,65.068,1984/4/28,PP,1984,001A,
HQB,unassigned ,6.808,16.823,1984/5/4,PP,1984,N/A,
C3B,C1B,1,1,1984/9/23,WU,1984,C01B,
HQB,unassigned ,14.92,36.868,1985/4/9,PP,1985,N/A,
HQA,unassigned ,12.28,30.344,1985/4/9,PP,1985,N/A,
N2A,N2A,101.215,250.107,1985/4/11,PP,1985,N02A,
N1A,N1A,60,148,1985/4/11,PP,1985,N01ASW,
HQC,unassigned ,17.483,43.201,1985/4/11,PP,1985,N/A,
HQD,HQC,28.25,69.807,1985/4/11,PP,1985,0HQC,
N1A,N1A,34,84,1985/4/15,PP,1985,N01ANE,
K1B,K4B,7.524,18.592,1985/4/15,PP,1985,K04B,
K2A,K2A,12.217,30.19,1985/4/15,PP,1985,K02A,
K4A,K4A,53.161,131.363,1985/4/15,PP,1985,K04A,
N4B,N4B,56.775,140.293,1985/4/15,PP,1985,N04B,
Nature Trail,unassigned ,96.042,237.325,1985/4/15,PP,1985,N/A,
AL,K4A,41.61,102.81,1985/4/15,PP,1985,K04A,
C1SB,Texas Hog Pasture,69.81,172.51,1985/4/15,PP,1985,N/A,
K1A,K1A,113.89,281.428,1985/4/15,PP,1985,K01A,
C3SB,unassigned ,1.963,4.851,1985/4/15,PP,1985,N/A,
R20A,1A,26.332,65.068,1985/4/16,PP,1985,001A,
K20A,KUA,53.681,132.648,1985/4/16,WU,1985,K20A,
R1A,3B3UA,29.124,71.966,1985/4/16,PP,1985,033A,
2A,2A,27.96,69.1,1985/4/16,PP,1985,002A,
SpB,pre-1988 WB,15.374,37.989,1985/4/24,PP,1985,099B,
SpA,4C,8.818,21.791,1985/4/24,PP,1985,004C,
R20B,1C,12.315,30.431,1985/4/24,PP,1985,001C,
1B,1B,12.01,29.69,1985/4/24,PP,1985,001B,
1B,pre-1988 WA,23.88,59,1985/4/24,PP,1985,099A,
2C,2C,22.95,56.72,1985/4/24,PP,1985,002C,
20C,3B3UD,5.7,14.09,1985/5/2,PP,1985,033D,
1D,1D,41.55,102.67,1985/5/2,PP,1985,001D,
4F,4F,16.37,40.44,1985/5/2,PP,1985,004F,
FB,WC,11.181,27.628,1985/5/2,PP,1985,099C,
N4C,N4C,4,10,1986/3/17,WP,1986,N04C,
2B,2B,6.08,15.02,1986/4/8,PP,1986,002B,
SpB,10B,8.21,20.287,1986/4/8,PP,1986,010B,
2D,2D,48.41,119.62,1986/4/9,PP,1986,002D,
1D,1D,41.55,102.67,1986/4/9,PP,1986,001D,
20C,3B3UD,5.7,14.09,1986/4/9,PP,1986,033D,
R20B,1C,12.315,30.431,1986/4/9,PP,1986,001C,
R1B,4H,3.38,8.352,1986/4/9,PP,1986,004H,
K1A,K1A,113.89,281.428,1986/4/10,PP,1986,K01A,
C1SB,Texas Hog Pasture,69.81,172.51,1986/4/10,PP,1986,N/A,
Nature Trail,unassigned ,101.87,251.726,1986/4/10,PP,1986,N/A,
HQA,unassigned ,12.28,30.344,1986/4/11,PP,1986,N/A,
FB,WC,11.18,27.626,1986/4/11,PP,1986,099C,
HQC,unassigned ,17.483,43.201,1986/4/11,PP,1986,N/A,
HQB,unassigned ,14.919,36.866,1986/4/11,PP,1986,N/A,
4F,4F,1.346,3.326,1986/4/11,WU,1986,004F,
SuB,10D,15.63,38.62,1986/4/11,PP,1986,010D,
C3SB,unassigned ,226.265,559.112,1986/4/16,PP,1986,N/A,
C3SC,unassigned ,127.02,313.873,1986/4/16,PP,1986,N/A,
C3SA,unassigned ,102.076,252.235,1986/4/16,PP,1986,N/A,
R1A,3B3UA,29.124,71.966,1986/4/16,PP,1986,033A,
SpB,4D,20.37,50.33,1986/4/16,PP,1986,004D,
SpB,pre-1988 WB,15.37,37.98,1986/4/16,PP,1986,099B,
White Pasture,White Pasture,122.23,302.03,1986/4/16,PP,1986,WHIT,
N4C,N4C,77.842,192.351,1986/4/22,PP,1986,N04C,
N1A,N1A,93.855,231.92,1986/4/22,PP,1986,N01A,
HQD,HQC,28.25,69.807,1986/5/1,PP,1986,0HQC,
1B,1B,12.01,29.69,1986/5/1,PP,1986,001B,
1B,pre-1988 WA,23.88,59,1986/5/1,PP,1986,099A,
R20A,1A,26.332,65.068,1986/5/1,PP,1986,001A,
SuA,3U3BC,11.8,29.17,1987/4/6,PP,1987,033C,
SpB,pre-1988 WB,15.37,37.98,1987/4/7,PP,1987,099B,
R20B,1C,12.315,30.431,1987/4/7,PP,1987,001C,
2C,2C,22.95,56.72,1987/4/7,PP,1987,002C,
FA,4E,11.09,27.404,1987/4/7,PP,1987,004E,
R20A,1A,26.332,65.068,1987/4/8,PP,1987,001A,
WA,3U3BB,11.622,28.719,1987/4/8,PP,1987,033B,
2A,2A,27.96,69.1,1987/4/8,PP,1987,002A,
1B,1B,12.01,29.69,1987/4/8,PP,1987,001B,
1B,pre-1988 WA,23.88,59,1987/4/8,PP,1987,099A,
FB,WC,11.18,27.626,1987/4/8,PP,1987,099C,
4B,4B,54.5,134.67,1987/4/8,PP,1987,004B,
1D,1D,41.55,102.67,1987/4/9,PP,1987,001D,
Belowground Plots,Belowground Plots,1.45,3.58,1987/4/10,PP,1987,LTERBG,
N2A,N2A,101.215,250.107,1987/4/23,PP,1987,N2A,
White Pasture,White Pasture,166.82,412.22,1987/4/24,PP,1987,WHIT,
AL,unassigned ,6.209,15.34,1987/4/24,PP,1987,N/A,
C3SC,unassigned ,66.115,163.373,1987/4/24,PP,1987,N/A,
HQA,HQA,12.28,30.344,1988/4/4,PP,1988,0HQA,
HQB,HQB,14.92,36.868,1988/4/4,PP,1988,0HQB,
N1A,N1A,93.855,231.92,1988/4/4,PP,1988,N01A,
WB,4G,12.33,30.46,1988/4/5,PP,1988,004G,
4A,4A,18.84,46.56,1988/4/6,PP,1988,004A,
2D,2D,48.41,119.62,1988/4/7,PP,1988,002D,
1D,1D,41.55,102.67,1988/4/7,PP,1988,001D,
R20B,1C,12.315,30.431,1988/4/7,PP,1988,001C,
WA,3U3BB,11.622,28.719,1988/4/7,PP,1988,033B,
N4A,N4A,99.196,245.118,1988/4/11,PP,1988,N04A,
K1A,K1A ,113.89,281.428,1988/4/12,PP,1988,K01A,
AL,AL,5.34,13.2,1988/4/12,PP,1988,AL,
C1SB,Texas Hog Pasture,69.81,172.51,1988/4/12,PP,1988,TXHO,
Nature Trail,Nature Trail,101.87,251.726,1988/4/12,PP,1988,NATR,
K2A,K2A,66.1,163.336,1988/4/12,PP,1988,K02A,
K1B,K1B,105.138,259.801,1988/4/12,PP,1988,K01B,
K1B,K4B,76.118,188.092,1988/4/12,PP,1988,K04B,
N4D,N4D,135.45,334.704,1988/4/13,PP,1988,N04D,
N2B,N2B,118.78,293.511,1988/4/13,PP,1988,N02B,
N1B,N1B,120.68,298.206,1988/4/13,PP,1988,N01B,
C3B,C1B,20,50,1988/4/14,PP,1988,C01B,
C3C,C1B,101.55,250.935,1988/4/14,PP,1988,C01A,
Belowground Plots,Belowground Plots,1.45,3.58,1988/4/14,PP,1988,LTERBG,
C1A,C4B,93.78,231.73,1988/4/14,PP,1988,C02B,
SuA,3U3BC,11.8,29.17,1988/4/15,PP,1988,033C,
2B,2B,6.08,15.02,1988/4/19,PP,1988,002B,
1B,1B/WA,35.89,88.69,1988/4/20,PP,1988,001B,
R20A,1A,26.332,65.068,1988/4/20,PP,1988,001A,
FB,WC,11,28,1988/11/10,PP,1988,099C,
N1B,N1B,120.68,298.206,1989/4/5,PP,1989,N01B,
N4B,N4B,56.775,140.293,1989/4/5,PP,1989,N04B,
4F,4F,16.37,40.44,1989/4/7,PP,1989,004F,
HQD,HQC,28.25,69.807,1989/4/7,PP,1989,0HQC,
HQB,HQB,14.92,36.868,1989/4/7,PP,1989,0HQB,
HQC,HQC,17.483,43.201,1989/4/7,PP,1989,0HQC,
HQA,HQA,12.28,30.344,1989/4/7,PP,1989,0HQA,
K4A,K4A,53.16,131.361,1989/4/10,PP,1989,K04A,
N1A,N1A,93.855,231.92,1989/4/10,PP,1989,N01A,
N20A,N20A,82.98,205.048,1989/4/10,PP,1989,N20A,
K1A,K1A,113.89,281.428,1989/4/10,PP,1989,K01A,
R20A,1A,26.332,65.068,1989/4/11,PP,1989,001A,
WA,3U3BB,11.622,28.719,1989/4/11,PP,1989,033B,
SpA,4C,8.818,21.791,1989/4/11,PP,1989,004C,
2A,2A,27.96,69.1,1989/4/11,PP,1989,002A,
1B,1B/WA,35.89,88.69,1989/4/11,PP,1989,001B,
2C,2C,22.95,56.72,1989/4/11,PP,1989,002C,
SuA,3U3BC,11.8,29.17,1989/4/12,PP,1989,033C,
R20B,1C,12.315,30.431,1989/4/12,PP,1989,001C,
1D,1D,41.55,102.67,1989/4/12,PP,1989,001D,
K1B,K1B,105.138,259.801,1989/4/13,PP,1989,K01B,
N2A,N2A,101.215,250.107,1989/4/13,PP,1989,N02A,
2D,2D,3.78,9.341,1989/4/14,PP,1989,002D,
C3SB,S3B,1.95,4.819,1989/4/14,PP,1989,S03B,
C3A,C4A,1,1,1989/4/14,PP,1989,C04A,
C3C,C1B,101.55,250.935,1989/4/17,PP,1989,C01A,
C3B,C4A,53.239,131.556,1989/4/17,PP,1989,C02A,
C3A,C4A,24.223,59.856,1989/4/17,PP,1989,C02A,
C3SC,S3C,127.02,313.873,1989/4/18,PP,1989,S03C,
Belowground Plots,Belowground Plots,1.45,3.58,1989/4/19,PP,1989,LTERBG,
AL,AL,23.28,57.53,1989/4/27,PP,1989,AL,
FB,WC,11.181,27.628,1989/11/10,PP,1989,099C,
1B,1B/WA,35.89,88.69,1990/4/3,PP,1990,001B,
R1A,3B3UA,29.124,71.966,1990/4/3,PP,1990,033A,
R20A,1A,26.332,65.068,1990/4/3,PP,1990,001A,
K1A,K1A,113.89,281.428,1990/4/4,PP,1990,K01A,
C1SB,Texas Hog Pasture,69.81,172.51,1990/4/4,PP,1990,TXHO,
Nature Trail,Nature Trail,101.87,251.726,1990/4/4,PP,1990,NATR,
N2B,N2B,118.781,293.514,1990/4/6,PP,1990,N02B,
N1B,N1B,120.683,298.214,1990/4/6,PP,1990,N01B,
N4C,N4C,77.842,192.351,1990/4/7,PP,1990,N04C,
HQA,HQA,12.278,30.34,1990/4/11,PP,1990,0HQA,
HQB,HQB,14.922,36.873,1990/4/11,PP,1990,0HQB,
N1A,N1A,93.855,231.92,1990/4/11,PP,1990,N01A,
2B,2B,6.08,15.02,1990/4/12,PP,1990,002B,
R20B,1C,12.315,30.431,1990/4/12,PP,1990,001C,
SpB,4D,20.37,50.33,1990/4/14,PP,1990,004D,
1D,1D,41.55,102.67,1990/4/16,PP,1990,001D,
K2A,K2A,66.1,163.336,1990/4/16,PP,1990,K02A,
K1B,K1B,105.138,259.801,1990/4/16,PP,1990,K01B,
C3B,C1B,20,50,1990/4/18,PP,1990,C01B,
C3C,C1B,101.552,250.94,1990/4/18,PP,1990,C01A,
C1A,C4B,93.78,231.73,1990/4/18,PP,1990,C02B,
2D,2D,48.41,119.62,1990/4/18,PP,1990,002D,
R1B,4H,3.377,8.345,1990/4/18,PP,1990,004H,
HQC,HQC,17.483,43.201,1990/4/21,PP,1990,0HQC,
HQD,HQC,28.25,69.807,1990/4/21,PP,1990,0HQC,
20C,3B3UD,5.7,14.09,1990/4/23,PP,1990,033D,
N20A,N20A,82.978,205.043,1990/4/23,PP,1990,N20A,
C3SB,S3B,226.265,559.112,1990/4/30,PP,1990,S03B,
White Pasture,White Pasture,166.82,412.22,1990/4/30,PP,1990,WHIT,
Belowground Plots,Belowground Plots,1.45,3.58,1990/5/1,PP,1990,LTERBG,
HQD,HQC,28.25,69.807,1991/4/4,PP,1991,0HQC,
HQB,HQB,14.922,36.873,1991/4/4,PP,1991,0HQB,
HQC,HQC,17.483,43.201,1991/4/4,PP,1991,0HQC,
HQA,HQA,12.278,30.34,1991/4/4,PP,1991,0HQA,
WB,4G,12.33,30.46,1991/4/5,WU,1991,004G,
SuB,10D,15.63,38.62,1991/4/5,WU,1991,010D,
N20B,N20B,84.364,208.467,1991/4/5,WU,1991,N20B,
SuA,10C,11.06,27.32,1991/4/5,WU,1991,010C,
SuA,3U3BC,11.8,29.17,1991/4/5,WU,1991,033C,
WA,3U3BB,11.62,28.72,1991/4/5,WU,1991,033B,
K1B,K1B,105.138,259.801,1991/4/5,WP ,1991,K01B,
K1B,K4B,76.118,188.092,1991/4/5,WU,1991,K04B,
K2A,K2A,66.1,163.336,1991/4/5,WU,1991,K02A,
K4A,K4A,53.161,131.364,1991/4/5,WU,1991,K04A,
20B,20B/UC/4B,23.77,58.75,1991/4/5,WU,1991,020B,
N1A,N1A,93.855,231.92,1991/4/5,WP ,1991,N01A,
N1B,N1B,120.683,298.214,1991/4/5,WP ,1991,N01B,
N4D,N4D,135.45,334.704,1991/4/5,WU,1991,N04D,
N2B,N2B,118.781,293.514,1991/4/5,WU,1991,N02B,
N20A,N20A,82.978,205.043,1991/4/5,WP ,1991,N20A,
K20A,K20A,83.13,205.418,1991/4/5,WU,1991,K20A,
N4B,N4B,56.775,140.293,1991/4/5,WU,1991,N04B,
R1B,4H,3.377,8.345,1991/4/5,WU,1991,004H,
R1B,20D,36.42,89.996,1991/4/5,WU,1991,020D,
R20B,1C,12.315,30.431,1991/4/5,WP ,1991,001C,
20C,3B3UD,5.7,14.09,1991/4/5,WP ,1991,033D,
20C,UC,30.37,75.04,1991/4/5,WU,1991,020C,
1D,1D,41.55,102.67,1991/4/5,WP ,1991,001D,
2D,2D,48.41,119.62,1991/4/5,WU,1991,002D,
2C,2C,22.95,56.72,1991/4/5,WP ,1991,002C,
4F,4F,16.37,40.44,1991/4/5,WU,1991,004F,
C1SB,Texas Hog Pasture,69.81,172.51,1991/4/5,WU,1991,TXHO,
C1A,C4B,93.78,231.73,1991/4/5,WU,1991,C02B,
FA,4E,11.089,27.402,1991/4/5,WP ,1991,004E,
FB,WC,11.181,27.628,1991/4/5,WU,1991,099C,
C3C,C1B,101.552,250.94,1991/4/5,WP ,1991,C01A,
C3B,C4A2,54.14,133.783,1991/4/5,WP ,1991,C02A,
C3B,C4A1,14.212,35.119,1991/4/5,WU,1991,C20A,
C3SB,S3B,226.265,559.112,1991/4/5,WU,1991,S03B,
C3SC,S3C,127.023,313.88,1991/4/5,WU,1991,S03C,
C3A,C4A2,25.072,61.954,1991/4/5,WP ,1991,C20A,
C3A,C4A1,23.656,58.455,1991/4/5,WU,1991,C20A,
C3SA,S3A,102.075,252.232,1991/4/5,WP ,1991,S03A,
K1A,K1A,113.89,281.428,1991/4/19,PP,1991,K01A,
N2A,N2A,101.215,250.107,1991/4/23,PP,1991,N02A,
R20A,1A,26.332,65.068,1991/4/24,PP,1991,001A,
SpA,10A,24.537,60.631,1991/4/24,PP,1991,010A,
R1A,3B3UA,29.124,71.966,1991/4/24,PP,1991,033A,
2A,2A,27.96,69.1,1991/4/24,PP,1991,002A,
1B,1B/WA,35.89,88.69,1991/4/24,PP,1991,001B,
4B,4B,54.5,134.67,1991/4/24,PP,1991,004B,
Belowground Plots,Belowground Plots,1.45,3.58,1991/5/1,PP,1991,LTERBG,
N20B,N20B,22.91,56.612,1991/10/20,WU,1991,N20B,
WA,3U3BB,4.56,11.27,1991/10/20,WU,1991,033B,
K1B,K4B,28.57,70.598,1991/10/20,WU,1991,K04B,
20B,20B/UC/4B,2,5,1991/10/20,WU,1991,020B,
N1B,N1B,61.45,151.846,1991/10/20,WU,1991,N01B,
R20B,1C,1,2.46,1991/10/20,WU,1991,001C,
4F,4F,9.71,23.99,1991/10/20,WU,1991,004F,
FB,WC,1,2.46,1991/10/20,WU,1991,099C,
C3A,C4A1,23.656,58.455,1992/4/9,PP,1992,C20A,
C3A,C4A2,25.072,61.954,1992/4/9,PP,1992,C20A,
C3B,C4A1,14.212,35.119,1992/4/9,PP,1992,C20A,
C3B,C4A2,54.14,133.783,1992/4/9,PP,1992,C02A,
C3C,C1B,101.552,250.94,1992/4/9,PP,1992,C01A,
C1A,C4B,93.78,231.73,1992/4/9,PP,1992,C02B,
K2A,K2A,66.1,163.336,1992/4/9,PP,1992,K02A,
N4A,N4A,99.196,245.118,1992/4/11,PP,1992,N04A,
4A,4A,18.84,46.56,1992/4/13,PP,1992,004A,
R1A,3B3UA,29.124,71.966,1992/4/13,PP,1992,033A,
R20A,1A,26.332,65.068,1992/4/13,PP,1992,001A,
N20A,N20A,82.978,205.043,1992/4/14,PP,1992,N20A,
N2B,N2B,118.781,293.514,1992/4/14,PP,1992,N02B,
N1A,N1A,93.855,231.92,1992/4/14,PP,1992,N01A,
N1B,N1B,120.683,298.214,1992/4/17,PP,1992,N01B,
K1B,K1B,105.138,259.801,1992/4/17,PP,1992,K01B,
K1B,K4B,76.118,188.092,1992/4/17,PP,1992,K04B,
HQA,HQA,12.278,30.34,1992/4/22,PP,1992,0HQA,
HQC,HQC,17.483,43.201,1992/4/22,PP,1992,0HQC,
HQB,HQB,14.922,36.873,1992/4/22,PP,1992,0HQB,
HQD,HQC,28.25,69.807,1992/4/22,PP,1992,0HQC,
K1A,K1A,113.89,281.428,1992/4/22,PP,1992,K01A,
2D,2D,48.41,119.62,1992/4/23,PP,1992,002D,
1D,1D,41.55,102.67,1992/4/23,PP,1992,001D,
20C,3B3UD,5.7,14.09,1992/4/23,PP,1992,033D,
WB,4G,12.33,30.46,1992/4/23,PP,1992,004G,
Belowground Plots,Belowground Plots,1.45,3.58,1992/4/28,PP,1992,LTERBG,
1B,1B/WA,35.89,88.69,1992/4/28,PP,1992,001B,
2B,2B,6.08,15.02,1992/4/28,PP,1992,002B,
R20B,1C,12.315,30.431,1992/4/28,PP,1992,001C,
4F,4F,7,17.3,1992/9/20,WU,1992,004F,
R20B,1C,0.5,1,1992/9/20,WP,1992,R20B,
N1B,N1B,46,113,1992/9/20,WP,1992,N01B,
K1B,K4B,24,58,1992/9/20,WU,1992,K04B,
WA,3U3BB,3,7.4,1992/9/20,WU,1992,00WA,
N20B,N20B,26,65,1992/9/20,WU,1992,N20B,
K4A,K4A,53.161,131.363,1993/4/10,PP,1993,K04A,
N1B,N1B,120.683,298.214,1993/4/10,PP,1993,N01B,
N1A,N1A,93.855,231.92,1993/4/21,PP,1993,N01A,
N4B,N4B,56.775,140.293,1993/4/21,PP,1993,N04B,
R20A,1A,26.332,65.068,1993/4/24,PP,1993,R20A,
2A,2A,27.96,69.1,1993/4/24,PP,1993,002A,
1D,1D,41.55,102.67,1993/4/24,PP,1993,001D,
1B,1B/WA,35.89,88.69,1993/4/24,PP,1993,001B,
2C,2C,22.95,56.72,1993/4/26,PP,1993,002C,
4F,4F,16.37,40.44,1993/4/26,PP,1993,004F,
N2A,N2A,101.215,250.107,1993/4/29,PP,1993,N02A,
Belowground Plots,Belowground Plots,1.45,3.58,1993/4/29,PP,1993,LTERBG,
HQC,HQC,17.483,43.201,1993/4/29,PP,1993,0HQC,
WA,3U3BB,11.62,28.72,1993/4/30,PP,1993,00WA,
R20B,1C,12.315,30.431,1993/4/30,PP,1993,R20B,
C1A,C4B,13.11,32.41,1993/4/30,WU,1993,C02B,
C3C,C1B,103.106,254.78,1993/4/30,PP,1993,C01A,
C3B,C4A,53.239,131.556,1993/4/30,PP,1993,C02A,
C3A,C4A,24.222,59.855,1993/4/30,PP,1993,C02A,
SpA,4C,8.818,21.791,1993/5/4,PP,1993,004C,
HQD,HQC,28.25,69.807,1993/5/4,PP,1993,0HQC,
K1B,K1B,105.138,259.801,1993/5/13,PP,1993,K01B,
K2A,K2A,3.244,8.016,1993/5/13,WU,1993,K02A,
C3SC,S3C,74.882,185.037,1993/5/13,WU,1993,S00C,
FA,FA,11.089,27.401,1993/11/29,PP,1993,00FA,
FB,FB,11.181,27.629,1993/11/29,PP,1993,00FB,
WA,WA,11.62,28.72,1994/2/15,PP,1994,00WA,
WB,WB,12.33,30.46,1994/2/15,PP,1994,00WB,
K2A,K2A,66.1,163.336,1994/3/30,PP,1994,K02A,
K1B,K1B,105.138,259.801,1994/3/30,PP,1994,K01B,
4B,4B,54.5,134.67,1994/3/31,WU,1994,004B,
HQD,HQC,28.25,69.807,1994/3/31,WU,1994,0HQC,
4A,4A,18.84,46.56,1994/3/31,WU,1994,004A,
1B,1B/WA,35.89,88.69,1994/3/31,WP ,1994,001B,
2A,2A,27.96,69.1,1994/3/31,WU,1994,002A,
R1A,20A/3B3UA,48.66,120.241,1994/3/31,WU,1994,R01A,
N4A,N4A,99.196,245.118,1994/3/31,WU,1994,N04A,
N4D,N4D,135.45,334.704,1994/3/31,WU,1994,N04D,
N4C,N4C,77.842,192.351,1994/3/31,WP ,1994,N04C,
R20A,1A,26.332,65.068,1994/3/31,WP ,1994,R20A,
N2B,N2B,118.781,293.514,1994/4/13,WP ,1994,N02B,
N2A,N2A,101.215,250.107,1994/4/13,WU,1994,N02A,
Nature Trail,Nature Trail,101.87,251.726,1994/4/16,PP,1994,NATR,
White Pasture,White Pasture,166.82,412.22,1994/4/17,WP ,1994,WHIT,
HQA,HQA,12.28,30.344,1994/4/20,PP,1994,0HQA,
HQC,HQC,17.483,43.201,1994/4/20,PP,1994,0HQC,
HQB,HQB,14.919,36.866,1994/4/20,PP,1994,0HQB,
HQD,HQC,28.25,69.807,1994/4/20,PP,1994,0HQC,
N1B,N1B,120.683,298.214,1994/4/21,PP,1994,N01B,
C3SC,S3C,127.02,313.873,1994/4/22,PU ,1994,S00C,
C3SB,S3B,226.265,559.112,1994/4/22,PP,1994,S00B,
C3SA,S3A,102.076,252.235,1994/4/22,PP,1994,S00A,
C3B,C1B,63.69,157.381,1994/4/22,PP,1994,C01B,
C3C,C1B,21.55,53.251,1994/4/22,PP,1994,C01B,
C3C,C1C,81.291,200.874,1994/4/22,PP,1994,C01C,
AL,AL,14.07,34.77,1994/4/22,PU ,1994,0ALC,
C1A,Pasture 8,5.1,12.6,1994/4/22,PP,1994,PAST,
C1SB,Texas Hog Pasture,69.81,172.51,1994/4/22,PP,1994,TXHP,
K1A,K1A,113.89,281.428,1994/4/24,PP,1994,K01A,
Belowground Plots,Belowground Plots,1.45,3.58,1994/5/3,PP,1994,LTERBG,UB plots 17-24 burned accidently on 05/10/1994
N1A,N1A,93.855,231.92,1994/5/3,PP,1994,N01A,
2D,2D,48.41,119.62,1994/5/4,PP,1994,002D,
1D,1D,41.55,102.67,1994/5/4,PP,1994,001D,
R20B,1C,12.315,30.431,1994/5/4,PP,1994,R20B,
R1B,4H,3.377,8.345,1994/5/4,PP,1994,004H,
2B,2B,6.08,15.02,1994/5/5,PP,1994,002B,
SpA,4C,8.818,21.79,1994/5/5,PP,1994,0SpA,
SpB,4D/WB,35.74,88.31,1994/5/5,PP,1994,0SpB,
SuA,10C/3U3BC,22.86,56.49,1994/9/2,PP,1994,0SuA,
SuB,SuB,15.63,38.62,1994/9/7,PP,1994,0SuB,
FB,FB,11.181,27.629,1994/11/23,PP,1994,00FB,
FA,FA,11.089,27.401,1994/11/23,PP,1994,00FA,
WB,WB,12.33,30.46,1995/2/21,PP,1995,00WB,
WA,WA,11.62,28.72,1995/2/21,PP,1995,00WA,
HQC,HQC,17.483,43.201,1995/4/3,PP,1995,0HQC,
R20A,1A,26.332,65.068,1995/4/6,PP,1995,R20A,
R20B,1C,12.315,30.431,1995/4/6,PP,1995,R20B,
1B,1B/WA,35.89,88.69,1995/4/6,PP,1995,001B,
2C,2C,22.95,56.72,1995/4/8,PP,1995,002C,
SpB,4D/WB,35.74,88.31,1995/4/13,PP,1995,0SpB,
N1B,N1B,120.683,298.214,1995/4/13,PP,1995,N01B,
1D,1D,41.55,102.67,1995/4/19,PP,1995,001D,
C1A,Pasture 8,5.1,12.6,1995/4/19,PP,1995,PAST,
C3C,C1B,21.55,53.251,1995/4/19,PP,1995,C01B,
C3C,C1C,81.291,200.874,1995/4/19,PP,1995,C01C,
C3B,C1B,63.69,157.381,1995/4/19,PP,1995,C01B,
K1B,K1B,105.138,259.801,1995/4/21,PP,1995,K01B,
N1A,N1A,93.855,231.92,1995/4/24,PP,1995,N01A,
K1A,K1A,113.89,281.428,1995/4/24,PP,1995,K01A,
HQB,HQB,14.919,36.866,1995/4/24,PP,1995,0HQB,
HQA,HQA,12.28,30.344,1995/4/24,PP,1995,0HQA,
SpA,4C,8.818,21.79,1995/4/25,PP,1995,0SpA,
Nature Trail,Nature Trail,101.87,251.726,1995/4/27,PP,1995,NATR,
Belowground Plots,Belowground Plots,1.45,3.58,1995/4/27,PP,1995,LTERBG,UB plots 1-2 burned accidently on 04/03/1995
C1SB,Texas Hog Pasture,69.81,172.51,1995/4/28,PP,1995,TXHP,
FA,FA,11.089,27.401,1995/11/21,PP,1995,00FA,
FB,FB,11.181,27.629,1995/11/21,PP,1995,00FB,
WA,WA,11.62,28.72,1996/2/9,PP,1996,00WA,
WB,WB,12.33,30.46,1996/2/9,PP,1996,00WB,
C3B,C1B,63.69,157.381,1996/2/25,WP ,1996,C01B,
C3B,C4A,2.902,7.17,1996/2/25,WP ,1996,C04A,
C3C,C1B,21.815,53.906,1996/2/25,WP ,1996,C01B,
C3C,C1C,81,200.155,1996/2/25,WP ,1996,C01C,
C3SA,S3A,102.076,252.235,1996/2/25,WP ,1996,S00A,
C3A,C4A,48.728,120.41,1996/2/25,WP ,1996,C04A,
C3SB,S3B,226.265,559.112,1996/2/25,WP ,1996,S00B,
C3SC,S3C,127.02,313.873,1996/2/25,WP ,1996,S00C,
AL,AL,22,54.36,1996/2/25,WU,1996,0ALC,
C1A,C4D,89,219,1996/2/25,WP,1996,C04D,
2D,2D,48.41,119.62,1996/2/25,WP ,1996,002D,
4F,4F,15.37,37.98,1996/2/25,WU,1996,004F,
1D,1D,41.55,102.67,1996/2/25,WP,1996,001D,
R20B,1C,12.315,30.431,1996/2/25,WP ,1996,R20B,
N1B,N1B,120.683,298.214,1996/2/25,PP,1996,N01B,
K1B,K1B,105.138,259.801,1996/2/25,WP ,1996,K01B,
K1B,K4B,37,91.429,1996/2/25,WP ,1996,K04B,
K2A,K2A,66.1,163.336,1996/2/25,WP ,1996,K02A,
SuA,10C/3U3BC,5,12.36,1996/2/25,WP ,1996,0SuA,
SuB,SuB,7,17.3,1996/2/25,WP ,1996,0SuB,
White Pasture,White Pasture,166.82,412.22,1996/2/25,WP ,1996,WHIT,
N20B,N20B,17,42.008,1996/2/25,WU,1996,N20B,
K1B,K4B,39.12,96.66,1996/3/26,PU ,1996,K04B,
N20B,N20B,84.364,208.467,1996/3/26,PU ,1996,N20B,
K1A,K1A,113.89,281.428,1996/4/5,PP,1996,K01A,
C1A,Pasture 8,5.1,12.6,1996/4/9,PP,1996,PAST,
SpA,4C,8.818,21.79,1996/4/9,PP,1996,0SpA,
R20A,1A,26.332,65.068,1996/4/16,PP,1996,R20A,
HQD,HQC,28.25,69.807,1996/4/20,PP,1996,0HQC,
N2A,N2A,101.215,250.107,1996/4/20,PP,1996,N02A,
4F,4F,1,2.47,1996/4/23,PU,1996,004F,
1B,1B/WA,35.89,88.69,1996/4/23,PP,1996,001B,
SuA,10C/3U3BC,22.86,56.49,1996/4/23,PU ,1996,0SuA,
SuB,SuB,15.63,38.62,1996/4/23,PU ,1996,0SuB,
2A,2A,27.96,69.1,1996/4/26,PP,1996,002A,
N2B,N2B,118.781,293.514,1996/4/30,PP,1996,N02B,
N1A,N1A,60.03,148.322,1996/4/30,PP,1996,N01ASW,
N1A,N1A,33.83,83.596,1996/5/2,PP,1996,N01ANE,
Belowground Plots,Belowground Plots,1.45,3.58,1996/5/11,PP,1996,LTERBG,
2B,10B,8.21,20.29,1996/5/13,PP,1996,010B,
2B,2B,6.08,15.02,1996/5/13,PP,1996,002B,
SpB,4D/WB,35.74,88.31,1996/5/13,PP,1996,0SpB,
FB,FB,11.181,27.629,1996/11/7,PP,1996,00FB,
FA,FA,11.089,27.401,1996/11/7,PP,1996,00FA,
HQB,HQB,14.919,36.866,1997/1/30,PP,1997,0HQB,
HQA,HQA,12.28,30.344,1997/1/30,PP,1997,0HQA,
WB,WB,12.33,30.46,1997/2/25,PP,1997,00WB,
WA,WA,11.62,28.72,1997/2/25,PP,1997,00WA,
SpA,10A,5,12.355,1997/3/24,WU,1997,010A,
R20B,1C,12.315,30.431,1997/3/31,PP,1997,R20B,
2C,2C,22.95,56.72,1997/3/31,PP,1997,002C,
Nature Trail,Nature Trail,101.87,251.726,1997/4/3,PP,1997,NATR,
C1A,Pasture 8,5.1,12.6,1997/4/3,PP,1997,PAST,
K1A,K1A,113.89,281.428,1997/4/3,PP,1997,K01A,
C3C,C1B,21.55,53.251,1997/4/3,PP,1997,C01B,
C3C,C1C,81.291,200.874,1997/4/3,PP,1997,C01C,
C3B,C1B,63.69,157.381,1997/4/3,PP,1997,C01B,
K4A,K4A,53.161,131.363,1997/4/7,PP,1997,K04A,
N1A,N1A,93.855,231.92,1997/4/7,PP,1997,N01A,
N1B,N1B,120.683,298.214,1997/4/7,PP,1997,N01B,
C3SC,S3C,127.02,313.873,1997/4/9,PP,1997,S00C,
C3SB,S3B,226.265,559.112,1997/4/9,PP,1997,S00B,
SpB,4D/WB,35.74,88.31,1997/4/15,PP,1997,0SpB,
SpA,10A,19.54,48.27,1997/4/15,PU,1997,010A,
Belowground Plots,Belowground Plots,1.45,3.58,1997/4/16,PP,1997,LTERBG,
SpA,4C,8.818,21.79,1997/4/17,PP,1997,0SpA,
1D,1D,41.55,102.67,1997/4/17,PP,1997,001D,
1B,1B/WA,35.89,88.69,1997/4/17,PP,1997,001B,
C1SB,Texas Hog Pasture,69.81,172.51,1997/4/19,PP,1997,TXHP,
K1B,K1B,105.138,259.801,1997/4/25,PP,1997,K01B,
R20A,1A,26.332,65.068,1997/4/28,PP,1997,R20A,
HQC,HQC,17.483,43.201,1997/4/28,PP,1997,0HQC,
SuB,SuB,15.63,38.62,1997/7/31,PP,1997,0SuB,
SuA,10C/3U3BC,22.86,56.49,1997/7/31,PP,1997,0SuA,
FA,FA,11.089,27.401,1997/11/21,PP,1997,00FA,
FB,FB,11.181,27.629,1997/11/21,PP,1997,00FB,
WA,WA,11.62,28.72,1998/2/20,PP,1998,00WA,
WB,WB,12.33,30.46,1998/2/20,PP,1998,00WB,
N4D,N4D,135.45,334.704,1998/4/2,PP,1998,N04D,
N1B,N1B,120.683,298.214,1998/4/2,PP,1998,N01B,
C3B,C1B,63.69,157.381,1998/4/6,PP,1998,C01B,
C3C,C1B,21.55,53.251,1998/4/6,PP,1998,C01B,
C3C,C1C,81.291,200.874,1998/4/6,PP,1998,C01C,
C1A,Pasture 8,5.1,12.6,1998/4/6,PP,1998,PAST,
HQA,HQA,12.28,30.344,1998/4/10,PP,1998,0HQA,
HQC,HQC,17.483,43.201,1998/4/10,PP,1998,0HQC,
HQD,HQC,28.25,69.807,1998/4/10,PP,1998,0HQC,
N4C,N4C,77.842,192.351,1998/4/10,PP,1998,N04C,
N2A,N2A,101.215,250.107,1998/4/10,PP,1998,N02A,
Belowground Plots,Belowground Plots,1.45,3.58,1998/4/14,PP,1998,LTERBG,
K1A,K1A,113.89,281.428,1998/4/15,PP,1998,K01A,
Nature Trail,Nature Trail,101.87,251.726,1998/4/15,PP,1998,NATR,
C3SB,S3B,226.265,559.112,1998/4/17,PP,1998,S00B,
C3SC,S3C,127.02,313.873,1998/4/17,PP,1998,S00C,
K2A,K2A,66.1,163.336,1998/4/17,PP,1998,K02A,
C1SB,Texas Hog Pasture,69.81,172.51,1998/4/18,PP,1998,TXHP,
2D,2D,48.41,119.62,1998/4/22,PP,1998,002D,
1D,1D,41.55,102.67,1998/4/22,PP,1998,001D,
R1B,4H,3.377,8.345,1998/4/22,PP,1998,004H,
N1A,N1A,93.855,231.92,1998/4/22,PP,1998,N01A,
K1B,K1B,105.138,259.801,1998/4/22,PP,1998,K01B,
2B,2B,6.08,15.02,1998/4/23,PP,1998,002B,
R20B,1C,12.315,30.431,1998/4/23,PP,1998,R20B,
SpB,4D/WB,35.74,88.31,1998/4/23,PP,1998,0SpB,
4B,4B,54.5,134.67,1998/5/4,PP,1998,004B,
1B,1B/WA,35.89,88.69,1998/5/4,PP,1998,001B,
SpA,4C,8.818,21.79,1998/5/4,PP,1998,0SpA,
R20A,1A,26.332,65.068,1998/5/4,PP,1998,R20A,
FB,FB,11.181,27.629,1998/12/1,PP,1998,00FB,
FA,FA,11.089,27.401,1998/12/1,PP,1998,00FA,
WB,WB,12.33,30.46,1999/2/9,PP,1999,00WB,
WA,WA,11.62,28.72,1999/2/9,PP,1999,00WA,
White Pasture,White Pasture,166.82,412.22,1999/3/18,PP,1999,WHIT,
K1B,K1B,105.138,259.801,1999/3/29,PP,1999,K01B,
N1A,N1A,93.855,231.92,1999/4/6,PP,1999,N01A,
N1B,N1B,120.683,298.214,1999/4/6,PP,1999,N01B,
Belowground Plots,Belowground Plots,1.45,3.58,1999/4/7,PP,1999,LTERBG,
R20A,1A,26.332,65.068,1999/4/12,PP,1999,R20A,
N2B,N2B,118.781,293.514,1999/4/12,PP,1999,N02B,
R20B,1C,12.315,30.431,1999/4/12,PP,1999,R20B,
2A,2A,27.96,69.1,1999/4/12,PP,1999,002A,
1B,1B/WA,35.89,88.69,1999/4/12,PP,1999,001B,
2C,2C,22.95,56.72,1999/4/12,PP,1999,002C,
4A,4A,18.84,46.56,1999/4/12,PP,1999,004A,
SpB,4D/WB,35.74,88.31,1999/4/20,PP,1999,0SpB,
SpA,4C,8.818,21.79,1999/4/20,PP,1999,0SpA,
C1A,Pasture 8,5.1,12.6,1999/4/20,PP,1999,PAST,
C3C,C1B,21.55,53.251,1999/4/20,PP,1999,C01B,
C3C,C1C,81.291,200.874,1999/4/20,PP,1999,C01C,
C3B,C1B,63.69,157.381,1999/4/20,PP,1999,C01B,
HQC,HQC,17.483,43.201,1999/5/7,PP,1999,0HQC,
N4B,N4B,56.775,140.293,1999/5/13,PP,1999,N04B,
1D,1D,41.55,102.67,1999/5/13,PP,1999,001D,
SuB,SuB,15.63,38.62,1999/7/26,PP,1999,0SuB,
SuA,10C/3U3BC,22.86,56.49,1999/7/26,PP,1999,0SuA,
FA,FA,11.09,27.404,1999/12/10,PP,1999,00FA,
FB,FB,11.18,27.626,1999/12/10,PP,1999,00FB,
WA,WA,11.62,28.72,2000/2/8,PP,2000,00WA,
WB,WB,12.33,30.46,2000/2/8,PP,2000,00WB,
K1A,K1A,113.89,281.428,2000/3/21,PP,2000,K01A,
Nature Trail,Nature Trail,93.37,230.722,2000/3/21,PP,2000,NATR,
C3B,C1B,63.817,157.695,2000/3/29,PP,2000,C01B,
C3C,C1B,21.55,53.251,2000/3/29,PP,2000,C01B,
C3C,C1C,81.291,200.874,2000/3/29,PP,2000,C01C,
C3A,C4A,48.728,120.41,2000/3/29,PP,2000,C04A,
C1A,C4D,93.78,231.73,2000/3/29,PP,2000,C04D,
C3B,C4A,2.902,7.17,2000/3/30,PP,2000,C04A,
C3SA,SA,102.076,252.235,2000/3/30,PP,2000,S00A,
C3SC,SC,127.02,313.873,2000/3/30,PP,2000,S00C,
C3SB,SB,226.265,559.112,2000/3/30,PP,2000,S00B,
HQD,HQC,28.25,69.807,2000/3/31,PP,2000,0HQC,
HQA,HQA,12.28,30.344,2000/4/4,PP,2000,0HQA,
HQB,HQB,14.92,36.868,2000/4/4,WU,2000,0HQB,
N2A,N2A,101.215,250.107,2000/4/4,PP,2000,N02A,
HQC,HQC,17.483,43.201,2000/4/6,PP,2000,0HQC,
N4A,N4A,99.196,245.118,2000/4/10,PP,2000,N04A,
N1A,N1A,93.855,231.92,2000/4/11,PP,2000,N01A,
4B,4B,14.54,35.93,2000/4/12,WU,2000,004B,
1B,1B/WA,35.89,88.69,2000/4/12,PP,2000,001B,
2A,2A,27.96,69.1,2000/4/12,PP,2000,002A,
2B,2B,6.08,15.02,2000/4/12,PP,2000,002B,
SpA,4C,8.818,21.79,2000/4/12,PP,2000,0SpA,
R20A,1A,26.332,65.068,2000/4/12,PP,2000,R20A,
4B,4B,39.96,98.74,2000/4/17,PU ,2000,004B,
Belowground Plots,Belowground Plots,1.45,3.58,2000/4/20,PP,2000,LTERBG,
N1B,N1B,120.683,298.214,2000/4/21,PP,2000,N01B,
4F,4F,16.37,40.44,2000/4/24,PP,2000,004F,
1D,1D,41.55,102.67,2000/4/26,PP,2000,001D,
R20B,1C,12.315,30.431,2000/4/26,PP,2000,R20B,
SpB,4D/WB,35.74,88.31,2000/4/26,PP,2000,0SpB,
K1B,K1B,105.138,259.801,2000/4/28,PP,2000,K01B,
K1B,K4B,76.118,188.092,2000/4/28,PP,2000,K04B,
K2A,K2A,66.1,163.336,2000/4/28,PP,2000,K02A,
FB,FB,11.181,27.629,2000/11/21,PP,2000,00FB,
FA,FA,11.089,27.401,2000/11/21,PP,2000,00FA,
WB,WB,12.33,30.46,2001/3/6,PP,2001,00WB,
WA,WA,11.62,28.72,2001/3/6,PP,2001,00WA,
C1A,Pasture 8,5.1,12.6,2001/4/2,PP,2001,PAST,
C3C,C1B,21.55,53.251,2001/4/2,PP,2001,C01B,
C3C,C1C,81.291,200.874,2001/4/2,PP,2001,C01C,
C3B,C1B,63.69,157.381,2001/4/2,PP,2001,C01B,
K4A,K4A,53.161,131.363,2001/4/4,PP,2001,K04A,
N1A,N1A,33.83,83.596,2001/4/4,PP,2001,N01ANE,
N4B,N4B,56.775,140.293,2001/4/4,PP,2001,N04B,
1B,1B/WA,35.89,88.69,2001/4/4,PP,2001,001B,
N1A,N1A,60.03,148.322,2001/4/9,PP,2001,N01ASW,
K1A,K1A,113.89,281.428,2001/4/9,PP,2001,K01A,
K1B,K1B,105.138,259.801,2001/4/12,PP,2001,K01B,
1D,1D,41.55,102.67,2001/4/12,PP,2001,001D,
2D,2D,48.41,119.62,2001/4/12,PP,2001,002D,
N1B,N1B,120.683,298.214,2001/4/13,PP,2001,N01B,
N4D,N4D,135.45,334.704,2001/4/13,PP,2001,N04D,
N2B,N2B,118.781,293.514,2001/4/13,PP,2001,N02B,
HQB,HQB,14.92,36.868,2001/4/13,PU ,2001,0HQB,
HQA,HQA,12.28,30.344,2001/4/16,PP,2001,0HQA,
HQC,HQC,17.483,43.201,2001/4/17,PP,2001,0HQC,
SpB,4D/WB,35.74,88.31,2001/4/24,PP,2001,0SpB,
SpA,10A,24.536,60.63,2001/4/24,PP,2001,010A,
SpA,4C,8.818,21.79,2001/4/24,PP,2001,0SpA,
R1B,20D,36.42,89.996,2001/4/24,PP,2001,R01B,
2C,2C,22.95,56.72,2001/4/24,PP,2001,002C,
R1A,20A/3B3UA,48.66,120.241,2001/4/26,PP,2001,R01A,
Belowground Plots,Belowground Plots,1.45,3.58,2001/4/26,PP,2001,LTERBG,
SuB,SuB,15.63,38.62,2001/8/14,PP,2001,0SuB,
SuA,10C/3U3BC,22.86,56.49,2001/8/14,PP,2001,0SuA,
FA,FA,11.089,27.401,2001/11/21,PP,2001,00FA,
FB,FB,11.181,27.629,2001/11/21,PP,2001,00FB,
WA,WA,11.62,28.72,2002/2/13,PP,2002,00WA,
WB,WB,12.33,30.46,2002/2/13,PP,2002,00WB,
K1A,K1A,113.89,281.428,2002/3/26,PP,2002,K01A,
AL,AL,39.454,97.49,2002/3/27,PP,2002,0ALB,
4F,4F,16.37,40.44,2002/3/28,WU,2002,004F,
N1B,N1B,120.683,298.214,2002/3/28,PP,2002,N01B,
N1A,N1A,33.83,83.596,2002/3/28,PP,2002,N01ANE,
C3B,C1B,63.69,157.381,2002/3/30,PP,2002,C01B,
C3C,C1B,21.55,53.251,2002/3/30,PP,2002,C01B,
C3C,C1C,81.291,200.874,2002/3/30,PP,2002,C01C,
C1A,Pasture 8,5.1,12.6,2002/3/30,PP,2002,PAST,
4A,4A,18.84,46.56,2002/4/3,WU,2002,004A,
R1A,20A/3B3UA,48.66,120.241,2002/4/3,PP,2002,R01A,
N4A,N4A,99.196,245.118,2002/4/3,WU,2002,N04A,
N4C,N4C,77.842,192.351,2002/4/3,PP,2002,N04C,
N2A,N2A,101.215,250.107,2002/4/3,PP,2002,N02A,
HQB,HQB,14.919,36.866,2002/4/5,PP,2002,0HQB,
1D,1D,41.55,102.67,2002/4/9,PP,2002,001D,
Belowground Plots,Belowground Plots,1.45,3.58,2002/4/25,PP,2002,LTERBG,
N1A,N1A,60.03,148.322,2002/4/25,PP,2002,N01ASW,
R1B,4H,3.377,8.345,2002/4/29,PP,2002,004H,
R1B,20D,36.42,89.996,2002/4/29,PP,2002,R01B,
SpB,4D/WB,35.74,88.31,2002/4/29,PP,2002,0SpB,
HQC,HQC,17.483,43.201,2002/4/30,PP,2002,0HQC,
HQD,HQC,28.25,69.807,2002/4/30,PP,2002,0HQC,
Nature Trail,Nature Trail,93.37,230.722,2002/5/2,PP,2002,NATR,
SpA,4C,8.818,21.79,2002/5/2,PP,2002,0SpA,
1B,1B/WA,35.89,88.69,2002/5/3,PP,2002,001B,
2B,2B,6.08,15.02,2002/5/3,PP,2002,002B,
2A,2A,27.96,69.1,2002/5/3,PP,2002,002A,
FB,FB,11.18,27.626,2002/12/10,PP,2002,00FB,
FA,FA,11.09,27.404,2002/12/10,PP,2002,00FA,
WB,WB,12.33,30.46,2003/2/17,PP,2003,00WB,
WA,WA,11.62,28.72,2003/2/17,PP,2003,00WA,
K1B,K1B,105.138,259.801,2003/3/25,PP,2003,K01B,
AL,AL,25.387,62.73,2003/3/31,PP,2003,0ALB,
HQB,HQB,14.92,36.868,2003/3/31,PP,2003,0HQB,
N1B,N1B,120.683,298.214,2003/4/9,PP,2003,N01B,
N2B,N2B,118.781,293.514,2003/4/9,PP,2003,N02B,
1D,1D,41.55,102.67,2003/4/10,PP,2003,001D,
2D,2D,48.41,119.62,2003/4/10,PP,2003,002D,
1B,1B/WA,35.89,88.69,2003/4/11,PP,2003,001B,
4B,4B,54.5,134.67,2003/4/11,PP,2003,004B,
SpA,4C,8.818,21.79,2003/4/12,PP,2003,0SpA,
C1SB,Texas Hog Pasture,69.81,172.51,2003/4/12,PP,2003,TXHP,
HQB,HQB,14.92,36.868,2003/4/17,PP,2003,0HQB,
HQA,HQA,12.28,30.344,2003/4/17,PP,2003,0HQA,
N1A,N1A,60.03,148.322,2003/4/19,PP,2003,N01ASW,
N1A,N1A,33.83,83.596,2003/4/21,PP,2003,N01ANE,
HQ Restoration Plots,Restoration Plots,2.424,5.991,2003/4/21,PP,2003,0HQR,
Belowground Plots,Belowground Plots,1.45,3.58,2003/4/21,PP,2003,LTERBG,
C1A,C4D,93.78,231.73,2003/4/22,PP,2003,C04D,
C3C,C1B,21.55,53.251,2003/4/22,PP,2003,C01B,
C3C,C1C,81.291,200.874,2003/4/22,PP,2003,C01C,
C3B,C1B,63.817,157.695,2003/4/22,PP,2003,C01B,
C3B,C4A,2.902,7.17,2003/4/22,PP,2003,C04A,
C3SB,SB,226.265,559.112,2003/4/22,PP,2003,S00B,
C3SC,SC,127.02,313.873,2003/4/22,PP,2003,S00C,
C3A,C4A,48.728,120.41,2003/4/22,PP,2003,C04A,
C3SA,SA,102.076,252.235,2003/4/22,PP,2003,S00A,
White Pasture,White Pasture,166.82,412.22,2003/4/28,PP,2003,WHIT,
R1B,20D,36.42,89.996,2003/4/29,PP,2003,R01B,
2C,2C,22.95,56.72,2003/4/29,PP,2003,002C,
SpB,4D/WB,35.74,88.31,2003/5/5,PP,2003,0SpB,
K1A,K1A,113.89,281.428,2003/5/7,PP,2003,K01A,
HQC,HQC,17.483,43.201,2003/5/7,PP,2003,0HQC,
R1A,20A/3B3UA,48.66,120.241,2003/5/12,PP,2003,R01A,
SuB,SuB,15.63,38.62,2003/7/24,PP,2003,0SuB,
SuA,10C/3U3BC,22.86,56.49,2003/7/24,PP,2003,0SuA,
FA,FA,11.089,27.401,2004/2/26,PP,2004,00FA,
FB,FB,11.181,27.629,2004/2/26,PP,2004,00FB,
WA,WA,11.62,28.72,2004/2/26,PP,2004,00WA,
WB,WB,12.33,30.46,2004/2/26,PP,2004,00WB,
N1A,N1A,33.83,83.596,2004/3/9,PP,2004,N01ANE,
HQA,HQA,12.28,30.344,2004/3/12,PP,2004,0HQA,
N1A,N1A,60.03,148.322,2004/3/12,PP,2004,N01ASW,
Nature Trail,Nature Trail,93.37,230.722,2004/3/18,PP,2004,NATR,
HQC,HQC,17.483,43.201,2004/3/26,PP,2004,0HQC,
Belowground Plots,Belowground Plots,1.45,3.58,2004/3/26,PP,2004,LTERBG,
N1B,N1B,120.683,298.214,2004/3/31,PP,2004,N01B,
C3SA,SA,102.076,252.235,2004/4/1,PP,2004,S00A,
C3A,C4A,48.728,120.41,2004/4/1,PP,2004,C04A,
C3SC,SC,127.02,313.873,2004/4/1,PP,2004,S00C,
C3SB,SB,226.265,559.112,2004/4/1,PP,2004,S00B,
C3B,C1B,63.817,157.695,2004/4/1,PP,2004,C01B,
C3B,C4A,2.902,7.17,2004/4/1,PP,2004,C04A,
C3C,C1B,21.55,53.251,2004/4/1,PP,2004,C01B,
C3C,C1C,81.291,200.874,2004/4/1,PP,2004,C01C,
C1A,C4D,93.78,231.73,2004/4/1,PP,2004,C04D,
2D,2D,48.41,119.62,2004/4/1,WU,2004,002D,
1D,1D,41.55,102.67,2004/4/1,PP,2004,001D,
R1B,20D,36.42,89.996,2004/4/1,PP,2004,R01B,
R1B,4H,3.38,8.352,2004/4/1,WU,2004,004H,
White Pasture,White Pasture,166.82,412.22,2004/4/2,PP,2004,WHIT,
HQD,HQC,28.25,69.807,2004/4/6,PP,2004,0HQC,
N4A,N4A,99.196,245.118,2004/4/6,PP,2004,N04A,
N2A,N2A,101.215,250.107,2004/4/6,PP,2004,N02A,
K1A,K1A,113.89,281.428,2004/4/13,PP,2004,K01A,
4F,4F,16.37,40.44,2004/4/13,PP,2004,004F,
K2A,K2A,66.1,163.336,2004/4/13,PP,2004,K02A,
K1B,K1B,105.138,259.801,2004/4/13,PP,2004,K01B,
K1B,K4B,76.118,188.092,2004/4/13,PP,2004,K04B,
SpB,4D/WB,35.74,88.31,2004/4/13,PP,2004,0SpB,
2B,2B,6.08,15.02,2004/4/27,PP,2004,002B,
R1A,20A/3B3UA,48.66,120.241,2004/4/27,PP,2004,R01A,
SpA,4C,8.818,21.79,2004/4/27,PP,2004,0SpA,
1B,1B/WA,35.89,88.69,2004/5/4,PP,2004,001B,
2A,2A,27.96,69.1,2004/5/4,PP,2004,002A,
FB,FB,11.18,27.626,2004/12/8,PP,2004,00FB,
WB,WB,12.33,30.46,2005/2/4,PP,2005,00WB,
WA,WA,11.62,28.72,2005/2/4,PP,2005,00WA,
HQB,HQB,14.919,36.866,2005/3/15,PP,2005,0HQB,
HQA,HQA,12.28,30.344,2005/3/15,PP,2005,0HQA,
HQC,HQC,17.483,43.201,2005/3/16,PP,2005,0HQC,
Belowground Plots,Belowground Plots,1.45,3.58,2005/3/17,PP,2005,LTERBG,
C3C,C1B,21.55,53.251,2005/3/23,PP,2005,C01B,
C3C,C1C,81.291,200.874,2005/3/23,PP,2005,C01C,
C3B,C1B,63.69,157.381,2005/3/23,PP,2005,C01B,
K1A,K1A,113.89,281.428,2005/3/31,PP,2005,K01A,
N1A,N1A,60.03,148.322,2005/4/8,PP,2005,N01ASW,
N1B,N1B,120.683,298.214,2005/4/8,PP,2005,N01B,
N4D,N4D,135.45,334.704,2005/4/8,PP,2005,N04D,
N2B,N2B,118.781,293.514,2005/4/8,PP,2005,N02B,
K1B,K1B,105.138,259.801,2005/4/13,PP,2005,K01B,
N1A,N1A,33.83,83.596,2005/4/14,PP,2005,N01ANE,
K4A,K4A,53.161,131.363,2005/4/14,PP,2005,K04A,
N4B,N4B,56.775,140.293,2005/4/14,PP,2005,N04B,
2C,2C,22.95,56.72,2005/4/14,PP,2005,002C,
SpB,4D/WB,35.74,88.31,2005/4/15,PP,2005,0SpB,
SpA,4C,8.818,21.79,2005/4/15,PP,2005,0SpA,
1B,1B/WA,35.89,88.69,2005/4/15,PP,2005,001B,
4B,4B,54.5,134.67,2005/4/15,PP,2005,004B,
Nature Trail,Nature Trail,41.22,101.857,2005/4/16,WU,2005,NATR,
C1A,Pasture 8,5.1,12.6,2005/4/16,PP,2005,PAST,
C1SB,Texas Hog Pasture,69.81,172.51,2005/4/16,PP,2005,TXHP,
R1B,4H,3.377,8.345,2005/4/20,PP,2005,004H,
R1B,20D,36.42,89.996,2005/4/20,PP,2005,R01B,
R1A,20A/3B3UA,48.66,120.241,2005/4/20,PP,2005,R01A,
1D,1D,41.55,102.67,2005/4/20,PP,2005,001D,
2D,2D,48.41,119.62,2005/4/20,PP,2005,002D,
SuB,SuB,15.63,38.62,2005/7/29,PP,2005,0SuB,
SuA,10C/3U3BC,22.86,56.49,2005/7/29,PP,2005,0SuA,
FB,FB,11.181,27.629,2005/11/22,PP,2005,00FB,
FA,FA,11.09,27.404,2005/11/22,PP,2005,00FA,
WA,WA,11.62,28.72,2006/2/21,PP,2006,00WA,
WB,WB,12.33,30.46,2006/2/21,PP,2006,00WB,
K1A,K1A,113.89,281.428,2006/3/9,PP,2006,K01A,
HQA,HQA,12.28,30.344,2006/3/14,PP,2006,0HQA,
HQB,HQB,14.92,36.868,2006/3/14,PP,2006,0HQB,
C3SA,SA,102.08,252.245,2006/3/17,PP,2006,S00A,
C3A,C4A,48.728,120.41,2006/3/17,PP,2006,C04A,
C3SB,SB,226.265,559.112,2006/3/17,PP,2006,S00B,
C3SC,SC,127.02,313.873,2006/3/17,PP,2006,S00C,
C3B,C1B,63.69,157.381,2006/3/17,PP,2006,C01B,
C3B,C4A,2.902,7.17,2006/3/17,PP,2006,C04A,
C3C,C1B,21.815,53.906,2006/3/17,PP,2006,C01B,
C3C,C1C,81,200.155,2006/3/17,PP,2006,C01C,
C1A,C4D,93.78,231.73,2006/3/17,PP,2006,C04D,
Belowground Plots,Belowground Plots,1.45,3.58,2006/3/23,PP,2006,LTERBG,
Nature Trail,Nature Trail,101.3,250.317,2006/4/3,PP,2006,NATR,
HQC,HQC,17.483,43.201,2006/4/4,PP,2006,0HQC,
N1B,N1B,120.68,298.206,2006/4/4,PP,2006,N01B,
R1B,20D/4H,39.797,98.34,2006/4/12,PP,2006,R01B,
K1B,K1B,105.138,259.801,2006/4/12,PP,2006,K01B,
C1SB,Texas Hog Pasture,69.81,172.51,2006/4/17,PP,2006,TXHP,
White Pasture,White Pasture,166.82,412.22,2006/4/17,PP,2006,WHIT,
HQD,HQD,28.25,69.807,2006/4/20,PP,2006,0HQD,
N4C,N4C,77.842,192.351,2006/4/20,PP,2006,N04C,
N2A,N2A,101.215,250.107,2006/4/20,PP,2006,N02A,
K2A,K2A,66.1,163.336,2006/4/21,PP,2006,K02A,
4A,4A,18.84,46.56,2006/4/27,PP,2006,004A,
1D,1D ,41.55,102.67,2006/4/27,PP,2006,001D,
2B,10B,8.21,20.29,2006/4/27,PP,2006,010B,
2B,2B,6.08,15.02,2006/4/27,PP,2006,002B,
R1A,20A/3B3UA,48.66,120.241,2006/4/27,PP,2006,R01A,
N1A,N1A,60.03,148.322,2006/4/27,PP,2006,N01ASW,
SpA,4C,8.82,21.795,2006/4/27,PP,2006,0SpA,
SpB,4D/WB,35.74,88.31,2006/4/27,PP,2006,0SpB,
N1A,N1A,33.83,83.596,2006/5/5,PP,2006,N01ANE,
1B,1B/WA,35.89,88.69,2006/5/8,PP,2006,001B,
2A,2A,27.96,69.1,2006/5/8,PP,2006,002A,
FA,FA,11.09,27.404,2006/11/20,PP,2006,00FA,
FB,FB,11.18,27.626,2006/11/20,PP,2006,00FB,
WB,WB,12.33,30.46,2007/2/22,PP,2007,00WB,
WA,WA,11.62,28.72,2007/2/22,PP,2007,00WA,
HQ Restoration Plots,Restoration Plots,2.424,5.991,2007/3/6,PP,2007,0HQR,
HQB,HQB,14.92,36.868,2007/3/6,PP,2007,0HQB,
HQA,HQA,12.28,30.344,2007/3/6,PP,2007,0HQA,
K1A,K1A,113.89,281.428,2007/3/7,PP,2007,K01A,
HQC,HQC,17.483,43.201,2007/3/8,PP,2007,0HQC,
Belowground Plots,Belowground Plots,1.45,3.58,2007/3/12,PP,2007,LTERBG,
Cottage Hill,Cottage Hill,.,.,2007/3/17,PP,2007,CTHL,
C1A,C4D,93.78,231.73,2007/3/22,PP,2007,C04D,
C3C,C1B,21.815,53.906,2007/3/22,PP,2007,C01B,
C3C,C1C,81,200.155,2007/3/22,PP,2007,C01C,
C3B,C1B,63.69,157.381,2007/3/22,PP,2007,C01B,
C3B,C4A,2.902,7.17,2007/3/22,PP,2007,C04A,
C3SC,SC,127.02,313.873,2007/3/22,PP,2007,S00C,
C3SB,SB,226.265,559.112,2007/3/22,PP,2007,S00B,
C3A,C4A,48.728,120.41,2007/3/22,PP,2007,C04A,
C3SA,SA,102.08,252.245,2007/3/22,PP,2007,S00A,
N1A,N1A,60.03,148.322,2007/3/23,PP,2007,N01ASW,
N1A,N1A,33.83,83.596,2007/4/4,PP,2007,N01ANE,
K1B,K1B,105.138,259.801,2007/4/4,PP,2007,K01B,
N4B,N4B,56.775,140.293,2007/4/4,PP,2007,N04B,
N1B,N1B,120.68,298.206,2007/4/9,PP,2007,N01B,
N2B,N2B,118.78,293.511,2007/4/20,PP,2007,N02B,
R1B,20D/4H,39.797,98.34,2007/4/20,PP,2007,R01B,
R1A,20A/3B3UA,48.66,120.241,2007/4/20,PP,2007,R01A,
1D,1D,41.55,102.67,2007/4/20,PP,2007,001D,
2D,2D,48.41,119.62,2007/4/20,PP,2007,002D,
SpB,4D/WB,35.74,88.31,2007/4/30,PP,2007,0SpB,
SpA,4C,8.82,21.795,2007/4/30,PP,2007,0SpA,
4F,4F,16.37,40.44,2007/4/30,PP,2007,004F,
2C,2C,22.95,56.72,2007/4/30,PP,2007,002C,
SuB,SuB,15.63,38.62,2007/7/26,PP,2007,0SuB,
SuA,10C/3U3BC,22.86,56.49,2007/7/26,PP,2007,0SuA,
K1A,K1A,113.89,281.428,2008/2/29,PP,2008,K01A,
HQA,HQA,12.28,30.344,2008/3/10,PP,2008,0HQA,
HQB,HQB,14.92,36.868,2008/3/10,PP,2008,0HQB,
HQC,HQC,17.483,43.201,2008/3/12,PP,2008,0HQC,
N4A,N4A,99.196,245.118,2008/3/12,PP,2008,N04A,
N2A,N2A,101.215,250.107,2008/3/12,PP,2008,N02A,
C3SA,SA,102.08,252.245,2008/3/13,PP,2008,S00A,
C3A,C4A,48.728,120.41,2008/3/13,PP,2008,C04A,
C3SB,SB,226.265,559.112,2008/3/13,PP,2008,S00B,
C3SC,SC,127.023,313.88,2008/3/13,PP,2008,S00C,
C3B,C1B,63.69,157.381,2008/3/13,PP,2008,C01B,
C3B,C4A,2.902,7.17,2008/3/13,PP,2008,C04A,
C3C,C1B,21.815,53.906,2008/3/13,PP,2008,C01B,
C3C,C1C,81,200.155,2008/3/13,PP,2008,C01C,
C1A,C4D,93.78,231.73,2008/3/13,PP,2008,C04D,
FA,FA,11.09,27.404,2008/3/14,PP,2008,00FA,
FB,FB,11.18,27.626,2008/3/14,PP,2008,00FB,
WA,WA,11.62,28.72,2008/3/14,PP,2008,00WA,
WB,WB,12.33,30.46,2008/3/14,PP,2008,00WB,
R1B,20D/4H,39.797,98.34,2008/3/19,PP,2008,R01B,
K2A,K2A,66.1,163.336,2008/3/19,PP,2008,K02A,
K1B,K1B,105.138,259.801,2008/3/19,PP,2008,K01B,
K1B,K4B,76.118,188.092,2008/3/19,PP,2008,K04B,
Nature Trail,Nature Trail,60.65,149.869,2008/3/25,PP,2008,NATRSW,
C1SB,Texas Hog Pasture,69.81,172.51,2008/3/28,PP,2008,TXHP,
Nature Trail,Nature Trail,41.22,101.857,2008/3/28,PP,2008,NATRNE,
N1A,N1A,33.83,83.596,2008/4/1,PP,2008,N01ANE,
HQD,HQD,28.25,69.807,2008/4/4,PP,2008,0HQD,
2B,2B,6.08,15.02,2008/4/14,PP,2008,002B,
SpA,4C,8.82,21.795,2008/4/14,PP,2008,0SpA,
SpB,4D/WB,35.74,88.31,2008/4/14,PP,2008,0SpB,
N1B,N1B,120.68,298.206,2008/4/22,PP,2008,N01B,
N1A,N1A,60.03,148.322,2008/4/22,PP,2008,N01ASW,
1D,1D ,41.55,102.67,2008/4/24,PP,2008,001D,
R1A,20A/3B3UA,48.66,120.241,2008/4/24,PP,2008,R01A,
Belowground Plots,Belowground Plots,1.45,3.58,2008/4/29,PP,2008,LTERBG,
1B,1B/WA,35.89,88.69,2008/4/29,PP,2008,001B,
2A,2A,27.96,69.1,2008/4/29,PP,2008,002A,
R20A,1A,26.332,65.068,2008/4/30,WU,2008,R20A,
R20B,1C,12.315,30.431,2008/5/5,PU ,2008,R20B,
FA,FA,11.09,27.404,2008/12/12,PP,2008,00FA,
FB,FB,11.18,27.626,2008/12/12,PP,2008,00FB,
WB,WB,12.33,30.46,2009/2/4,PP,2009,00WB,
WA,WA,11.62,28.72,2009/2/4,PP,2009,00WA,
HQB,HQB,14.92,36.868,2009/3/4,PP,2009,0HQB,
HQA,HQA,12.28,30.344,2009/3/4,PP,2009,0HQA,
C1A,C4D,93.78,231.73,2009/3/6,PP,2009,C04D,
C3C,C1B,21.815,53.906,2009/3/6,PP,2009,C01B,
C3C,C1C,81,200.155,2009/3/6,PP,2009,C01C,
C3B,C1B,63.69,157.381,2009/3/6,PP,2009,C01B,
C3B,C4A,2.902,7.17,2009/3/6,PP,2009,C04A,
C3SC,SC,127.02,313.873,2009/3/6,PP,2009,S00C,
C3SB,SB,226.265,559.112,2009/3/6,PP,2009,S00B,
C3A,C4A,48.728,120.41,2009/3/6,PP,2009,C04A,
C3SA,SA,102.076,252.235,2009/3/6,PP,2009,S00A,
HQ Restoration Plots,Restoration Plots,2.424,5.991,2009/3/14,PP,2009,0HQR,
N1A,N1A,33.83,83.596,2009/3/17,PP,2009,N01ANE,
K4A,K4A,53.16,131.361,2009/3/17,PP,2009,K04A,
K1B,K1B,105.138,259.801,2009/3/25,PP,2009,K01B,
C1SB,Texas Hog Pasture,69.81,172.51,2009/3/25,PP,2009,TXHP,
N1A,N1A,60.03,148.322,2009/4/7,PP,2009,N01ASW,
N1B,N1B,120.68,298.206,2009/4/7,PP,2009,N01B,
N4D,N4D,135.45,334.704,2009/4/7,PP,2009,N04D,
N2B,N2B,118.78,293.511,2009/4/7,PP,2009,N02B,
K1A,K1A,113.89,281.428,2009/4/8,PP,2009,K01A,
Nature Trail,Nature Trail,101.87,251.726,2009/4/14,PP,2009,NATR,
R1B,20D/4H,39.797,98.34,2009/4/17,PP,2009,R01B,
1D,1D,41.55,102.67,2009/4/17,PP,2009,001D,
2D,2D,48.41,119.62,2009/4/17,PP,2009,002D,
2C,2C ,22.95,56.72,2009/4/17,PP,2009,002C,
SpB,4D/WB,35.74,88.31,2009/4/21,PP,2009,0SpB,
Belowground Plots,Belowground Plots,1.45,3.58,2009/4/21,PP,2009,LTERBG,
SpA,4C,8.82,21.795,2009/4/22,PP,2009,0SpA,
R1A,20A/3B3UA,48.66,120.241,2009/4/22,PP,2009,R01A,
1B,1B/WA,35.89,88.69,2009/4/22,PP,2009,001B,
4B,4B,54.5,134.67,2009/4/22,PP,2009,004B,
HQC,HQC,17.483,43.201,2009/4/23,PP,2009,0HQC,
SuB,SuB,15.63,38.62,2009/7/27,PP,2009,0SuB,
SuA,10C/3U3BC,22.86,56.49,2009/7/27,PP,2009,0SuA,
FB,FB,11.18,27.626,2009/11/11,PP,2009,00FB,
FA,FA,11.09,27.404,2009/11/11,PP,2009,00FA,
WA,WA ,11.62,28.72,2010/2/18,PP,2010,00WA,
WB,WB,12.33,30.46,2010/2/18,PP,2010,00WB,
K1A,K1A,113.89,281.428,2010/3/2,PP,2010,K01A,
Nature Trail -Restoration,Restored - NT Head,2.775,6.858,2010/3/2,PP,2010,.,
C3SA,SA,102.076,252.235,2010/3/3,PP,2010,S00A,
C3A,C3A,48.728,120.41,2010/3/3,PP,2010,C04A,
C3SB,SB,226.265,559.112,2010/3/3,PP,2010,S00B,
C3SC,SC,127.02,313.873,2010/3/3,PP,2010,S00C,
HQA,HQA,12.28,30.344,2010/3/4,PP,2010,0HQA,
AL,Brome Field N of N,.,.,2010/3/4,PP,2010,.,
Cottage Hill,Cottage Hill,.,.,2010/3/4,PP,2010,CTHL,
Nature Trail,Nature Trail,101.87,251.726,2010/3/17,PP,2010,NATR,
N1A,N1A,93.855,231.92,2010/3/17,PP,2010,N01A,
HQB,HQB,14.919,36.866,2010/3/18,PP,2010,0HQB,
HQC,HQC,17.483,43.201,2010/3/18,PP,2010,0HQC,
HQ Restoration Plots,Restoration Plots,2.424,5.991,2010/3/18,PP,2010,0HQR,
K2A,K2A,66.1,163.336,2010/3/31,PP,2010,K02A,
K1B,K1B,105.138,259.801,2010/3/31,PP,2010,K01B,
K1B,K4B,76.118,188.092,2010/3/31,WU,2010,K04B,
N1B,N1B,120.683,298.214,2010/4/3,PP,2010,N01B,
HQD,HQD,28.25,69.807,2010/4/4,PP,2010,0HQD,
C1SB,Texas Hog Pasture,69.81,172.51,2010/4/8,PP,2010,TXHP,
N4C,N4C,77.842,192.351,2010/4/8,PP,2010,N04C,
N2A,N2A,101.215,250.107,2010/4/8,PP,2010,N02A,
C1A,C4D,93.78,231.73,2010/4/17,PP,2010,C01A,
Belowground Plots,Belowground Plots,1.45,3.58,2010/4/19,PP,2010,LTERBG,
4A,4A,18.84,46.56,2010/4/20,PP,2010,004A,
1D,1D,41.55,102.67,2010/4/20,PP,2010,001D,
2B,2B/10B,14.4,35.59,2010/4/20,PP,2010,002B,
R1A,20A/3B3UA,48.66,120.241,2010/4/20,PP,2010,R01A,
R1B,20D/4H,39.797,98.34,2010/4/20,PP,2010,RO1B,
SpA,4C/10A,33.355,82.422,2010/4/20,PP,2010,0SpA,
SpB,4D/WB,35.74,88.31,2010/4/20,PP,2010,0SpB,
1B,1B/WA,35.89,88.69,2010/5/1,PP,2010,001B,
2A,2A,27.96,69.1,2010/5/1,PP,2010,002A,
FA,FA,11,27,2010/11/18,PP,2010,00FA,
FB,FB,11,27,2010/11/18,PP,2010,00FB,
WB,WB,12.33,30.46,2011/2/18,PP,2011,00WB,
WA,WA,11.62,28.72,2011/2/18,PP,2011,00WA,
Nature Trail -Restoration,Restored - NT Head,2.775,6.858,2011/3/3,PP,2011,.,
HQB,HQB,14.919,36.866,2011/3/3,PP,2011,0HQB,
HQA,HQA,12.28,30.344,2011/3/3,PP,2011,0HQA,
K1A,K1A,113.89,281.428,2011/3/12,PP,2011,K01A,
N1A,N1A,33.83,83.596,2011/3/23,PP,2011,N01ANE,
N4B,N4B,56.775,140.293,2011/3/24,PP,2011,N04B,
C1A,C4D,93.78,231.73,2011/3/24,PP,2011,C01A,
C3B,C3B,66.59,164.547,2011/3/24,PP,2011,C03B,
N1A,N1A,60.03,148.322,2011/4/12,PP,2011,N01ASW,
C3SA,SA,102.076,252.235,2011/4/12,PP,2011,S00A,
N1B,N1B,120.683,298.214,2011/4/13,PP,2011,N01B,
N2B,N2B,118.78,293.511,2011/4/13,PP,2011,N02B,
4F,4F,16.37,40.44,2011/4/13,PP,2011,004F,
2C,2C,22.95,56.72,2011/4/13,PP,2011,002C,
K1B/K4B,K1B,181.665,448.905,2011/4/17,PP,2011,K01B,
C1SB,Texas Hog Pasture,76.36,188.69,2011/4/17,PP,2011,C1SB,
White Pasture,White Pasture,166.82,412.22,2011/4/18,PP,2011,WHIT,
Nature Trail,Nature Trail,101.87,251.726,2011/4/18,PP,2011,NATR,
Belowground Plots,Belowground Plots,1.45,3.58,2011/4/23,PP,2011,LTERBG,
SpB,4D/WB,35.74,88.31,2011/4/26,PP,2011,0SpB,
SpA,4C/10A,33.355,82.422,2011/4/26,PP,2011,0SpA,
R1B,20D/4H,39.797,98.34,2011/4/26,PP,2011,RO1B,
1B,1B/WA,35.89,88.69,2011/4/26,PP,2011,001B,
1D,1D,41.55,102.67,2011/4/26,PP,2011,001D,
2D,2D,48.41,119.62,2011/4/26,PP,2011,002D,
HQC,HQC,17.483,43.201,2011/4/28,PP,2011,0HQC,
R1A,20A/3B3UA,48.66,120.241,2011/5/2,PP,2011,R01A,
UN07,UN07,3.694,9.128,2011/7/20,WU,2011,UN07,
WA,WA,11.62,28.72,2011/7/20,WP,2011,00WA,
SuA,10C/3U3BC,6.858,16.946,2011/7/20,WU,2011,0SuA,
R20B,1C,5,12.36,2011/7/20,WU,2011,R20B,
4F,4F,16.37,40.44,2011/7/20,WP,2011,004F,
FB,FB,10.631,26.27,2011/7/20,WU,2011,00FB,
SuA,10C/3U3BC,16.002,39.541,2011/8/18,PP,2011,0SuA,
SuB,SuB,15.63,38.62,2011/8/19,PP,2011,0SuB,
K2A,K2A,66.1,163.336,2011/9/19,WU,2011,K02A,
K20A,K20A,83.13,205.418,2011/9/19,WU,2011,K20A,
FB,FB,10.631,26.27,2011/11/23,PP,2011,00FB,
FA,FA,11.089,27.401,2011/11/23,PP,2011,00FA,
WA,WA,11.62,28.72,2012/2/1,PP,2012,00WA,
WB,WB,12.33,30.46,2012/2/1,PP,2012,00WB,
Nature Trail -Restoration,Restored - NT Head,2.775,6.858,2012/2/2,PP,2012,.,
HQA,HQA,12.28,30.344,2012/3/9,PP,2012,0HQA,
HQB,HQB,14.92,36.868,2012/3/9,PP,2012,0HQB,
K2A,K2A,66.1,163.336,2012/3/9,PP,2012,K02A,
20C,20C/3B3UD,36.07,89.13,2012/3/15,PP,2012,020C,
R1B,20D/4H,39.797,98.34,2012/3/15,PP,2012,R01B,
HQD,HQD,28.25,69.807,2012/3/27,PP,2012,0HQD,
N4A,N4A,99.196,245.118,2012/3/27,PP,2012,N04A,
N2A,N2A,101.215,250.107,2012/3/27,PP,2012,N02A,
C3C,C3C,102.423,253.093,2012/3/28,PP,2012,C03C,
C3SC,SC,127.02,313.873,2012/3/28,PP,2012,C3SC,
C1A,C4D,93.78,231.73,2012/3/28,PP,2012,C01A,
N20A,N20A,82.98,205.048,2012/3/31,PP,2012,N20A,
K1B/K4B,K1B,181.665,448.905,2012/3/31,PP,2012,K01B,
N1A,N1A,60.03,148.322,2012/3/31,PP,2012,N01ASW,
K1A,K1A,113.89,281.428,2012/4/3,PP,2012,K01A,
AL,Brome Field N of N,19.54,48.29,2012/4/3,PP,2012,.,
K20A,K20A,83.13,205.418,2012/4/3,PP,2012,K20A,
Nature Trail,Nature Trail,33.076,81.733,2012/4/3,PP,2012,NATR,
N1A,N1A,33.83,83.596,2012/4/3,PP,2012,N01ANE,
Belowground Plots,Belowground Plots,1.45,3.58,2012/4/9,PP,2012,LTERBG,
C1SB,Texas Hog Pasture,76.36,188.69,2012/4/9,PP,2012,C1SB,
1D,1D,41.55,102.67,2012/4/9,PP,2012,001D,
White Pasture,White Pasture,166.82,412.22,2012/4/10,PP,2012,WHIT,
HQC,HQC,17.483,43.201,2012/4/11,PP,2012,0HQC,
HQ Restoration Plots,Restoration Plots,2.424,5.991,2012/4/11,PP,2012,0HQR,
N1B,N1B,120.683,298.214,2012/4/11,PP,2012,N01B,
AL,Brome Field N of K,35.38,87.42,2012/4/17,PP,2012,.,
2B,2B/10B,14.4,35.59,2012/4/17,PP,2012,002B,
R1A,20A/3B3UA,48.66,120.241,2012/4/17,PP,2012,R01A,
SpA,4C/10A,33.402,82.539,2012/4/17,PP,2012,0SpA,
SpB,4D/WB,35.74,88.31,2012/4/17,PP,2012,0SpB,
AL,Brome Field E of hay barn,6.857,16.94,2012/4/20,PP,2012,.,
HQ Restoration Plots,Restoration Plots,2.735,6.76,2012/4/20,PP,2012,0HQR,
1B,1B/WA,35.89,88.69,2012/4/21,PP,2012,001B,
2A,2A,28.3,69.94,2012/4/21,PP,2012,002A,
FA,FA,11.089,27.401,2012/11/14,PP,2012,00FA,
FB,FB,10.631,26.27,2012/11/14,PP,2012,00FB,
Nature Trail -Restoration,Restored - NT Head,2.775,6.858,2013/3/6,PP,2013,.,
WB,WB,12.33,30.46,2013/3/6,PP,2013,00WB,
WA,WA,11.62,28.72,2013/3/6,PP,2013,00WA,
HQC,HQC,17.483,43.201,2013/3/13,PP,2013,0HQC,
HQB,HQB,14.92,36.868,2013/3/13,PP,2013,0HQB,
HQA,HQA,12.28,30.344,2013/3/13,PP,2013,0HQA,
Nature Trail - North Hill,Nature Trail,33.076,81.732,2013/3/14,PP,2013,NATR,
HQ Restoration Plots,Restoration Plots,5.718,14.129,2013/3/14,PP,2013,0HQR,
K1A,K1A,113.89,281.428,2013/3/14,PP,2013,K01A,
K4A,K4A,53.16,131.361,2013/3/15,PP,2013,K04A,
K20A,K20A,83.13,205.418,2013/3/15,PP,2013,K20A,
AL,Brome field N of K4A,35.38,87.42,2013/3/15,PP,2013,.,
AL,Brome field S of K1A,19.54,48.29,2013/3/15,PP,2013,.,
N1A,N1A,33.83,83.596,2013/3/20,PP,2013,N01ANE,
Nature Trail,Nature Trail,60.726,150.056,2013/3/20,PP,2013,NATR,
C1SB,Texas Hog Pasture,76.36,188.69,2013/3/20,PP,2013,C1SB,
C1A,C4D,93.78,231.73,2013/3/28,PP,2013,C01A,
C3SB,SB,226.265,559.112,2013/3/28,PP,2013,C3SB,
C3A,C3A,48.728,120.41,2013/3/28,PP,2013,C03A,
White Pasture,White Pasture,124.93,308.69,2013/3/29,PP,2013,WHIT,
N1A,N1A,60.03,148.322,2013/4/3,PP,2013,N01ASW,
N1B,N1B,120.683,298.214,2013/4/3,PP,2013,N01B,
N4D,N4D,135.45,334.704,2013/4/3,PP,2013,N04D,
N2B,N2B,118.78,293.511,2013/4/3,PP,2013,N02B,
Vetch Hill - South of 2C,Vetch Hill - South of 2C,1.002,2.475,2013/4/8,PP,2013,N/A,
R1B,20D/4H,39.797,98.34,2013/4/8,PP,2013,R01B,
1D,1D,41.55,102.67,2013/4/8,PP,2013,001D,
2D,2D,48.41,119.62,2013/4/8,PP,2013,002D,
2C,2C,22.95,56.72,2013/4/8,PP,2013,002C,
SpB,4D/WB,35.74,88.31,2013/4/13,PP,2013,0SpB,
SpA,4C/10A,33.402,82.539,2013/4/13,PP,2013,0SpA,
1B,1B/WA,35.89,88.69,2013/4/13,PP,2013,001B,
4B,4B,54.5,134.67,2013/4/13,PP,2013,004B,
Belowground Plots,Belowground Plots,1.45,3.58,2013/4/25,PP,2013,LTERBG,
K1B/K4B,K1B,181.665,448.905,2013/4/29,PP,2013,K01B,
R1A,20A/3B3UA,48.66,120.241,2013/4/29,PP,2013,R01A,
FB,FB,10.631,26.27,2013/11/14,PP,2013,00FB,
FA,FA,11.089,27.401,2013/11/14,PP,2013,00FA,
WA,WA,11.62,28.72,2014/2/23,PP,2014,00WA,
WB,WB,12.33,30.46,2014/2/23,PP,2014,00WB,
HQA,HQA,12.28,30.344,2014/3/7,PP,2014,0HQA,
HQB,HQB,14.92,36.868,2014/3/7,PP,2014,0HQB,
HQC,HQC,17.483,43.201,2014/3/7,PP,2014,0HQC,
N4C,N4C,77.842,192.351,2014/3/10,PP,2014,N04C,
N1A,N1A,60.03,148.322,2014/3/10,PP,2014,N01ASW,
HQD,HQD,28.25,69.807,2014/3/10,PP,2014,0HQD,
C3B,C3B,66.59,164.547,2014/3/23,PP,2014,C03B,
C1A,C4D,93.78,231.73,2014/3/23,PP,2014,C01A,
N2A,N2A,101.215,250.107,2014/3/27,PP,2014,N02A,
K1A,K1A,113.89,281.428,2014/3/28,PP,2014,K01A,
K20A,K20A,83.13,205.418,2014/3/28,PP,2014,K20A,
N1A,N1A,33.83,83.596,2014/3/28,PP,2014,N01ANE,
AL,Brome field S of K1A,19.54,48.29,2014/3/29,PP,2014,.,
K2A,K2A,66.1,163.336,2014/3/29,PP,2014,K02A,
K1B/K4B,K1B,181.665,448.905,2014/3/29,PP,2014,K01B,
C3SA,SA,102.076,252.235,2014/4/1,PP,2014,S00A,
AL,Brome field N of K4A,35.38,87.42,2014/4/1,PP,2014,.,
C1SB,Texas Hog Pasture,76.36,188.69,2014/4/1,PP,2014,C1SB,
Nature Trail,Nature Trail,60.726,150.056,2014/4/1,PP,2014,NATR,
1D,1D,41.55,102.67,2014/4/11,PP,2014,001D,
2B,2B/10B,14.4,35.59,2014/4/11,PP,2014,002B,
R1B,20D/4H,39.797,98.34,2014/4/11,PP,2014,R01B,
N1B,N1B,120.683,298.214,2014/4/11,PP,2014,N01B,
SpA,4C/10A,33.402,82.539,2014/4/11,PP,2014,0SpA,
SpB,4D/WB,35.74,88.31,2014/4/11,PP,2014,0SpB,
4A,4A,18.84,46.56,2014/4/15,PP,2014,004A,
Belowground Plots,Belowground Plots,1.45,3.58,2014/4/15,PP,2014,LTERBG,
R1A,20A/3B3UA,48.66,120.241,2014/4/15,PP,2014,R01A,
1B,1B/WA,35.89,88.69,2014/4/18,PP,2014,001B,
2A,2A,28.3,69.94,2014/4/18,PP,2014,002A,
SuA,10C/3U3BC,22.86,56.488,2014/7/24,PP,2014,0SuA,
SuB,SuB,15.63,38.62,2014/7/24,PP,2014,0SuB,
FA,FA,11.089,27.401,2014/11/25,PP,2014,00FA,
FB,FB,10.631,26.27,2014/11/25,PP,2014,00FB,
WB,WB,12.33,30.46,2015/1/30,PP,2015,00WB,
WA,WA,11.62,28.72,2015/1/30,PP,2015,00WA,
C3SC,SC,127.02,313.873,2015/3/9,PP,2015,C3SC,
C3C,C3C,102.423,253.093,2015/3/9,PP,2015,C03C,
C1A,C4D,93.78,231.73,2015/3/9,PP,2015,C01A,
HQA,HQA,12.28,30.344,2015/3/10,PP,2015,0HQA,
HQB,HQB,14.92,36.868,2015/3/10,PP,2015,0HQB,
K1A,K1A,113.89,281.428,2015/3/12,PP,2015,K01A,
K20A,K20A,83.13,205.418,2015/3/12,PP,2015,K20A,
C1SB,Texas Hog Pasture,76.36,188.69,2015/3/12,PU,2015,C1SB,
K1B/K4B,K1B,181.665,448.905,2015/3/20,PP,2015,K01B,
N1A,N1A,60.03,148.322,2015/3/26,PP,2015,N01ASW,
N1B,N1B,120.683,298.214,2015/3/26,PP,2015,N01B,
N2B,N2B,118.78,293.511,2015/3/26,PP,2015,N02B,
N1A,N1A,33.83,83.596,2015/3/31,PP,2015,N01ANE,
N4B,N4B,56.775,140.293,2015/3/31,PP,2015,N04B,
HQC,HQC,17.483,43.201,2015/3/31,PP,2015,0HQC,
AL,Brome Field S of K1A,19.54,48.29,2015/4/14,PP,2015,.,
AL,Brome Field N of K4A,35.38,87.38,2015/4/14,PP,2015,.,
R1B,20D/4H,39.797,98.34,2015/4/14,PP,2015,R01B,
2D,2D,48.41,119.62,2015/4/14,PP,2015,002D,
1D,1D,41.55,102.67,2015/4/14,PP,2015,001D,
2C,2C,22.95,56.72,2015/4/14,PP,2015,002C,
4F,4F,16.37,40.44,2015/4/14,PP,2015,004F,
SpA,4C/10A,33.402,82.539,2015/4/14,PP,2015,0SpA,
SpB,4D/WB,35.74,88.31,2015/4/14,PP,2015,0SpB,
R1A,20A/3B3UA,48.66,120.241,2015/4/15,PP,2015,R01A,
1B,1B/WA,35.89,88.69,2015/4/15,PP,2015,001B,
FA,FA,11.089,27.401,2015/11/13,PP,2015,00FA,
FB,FB,10.631,26.27,2015/11/13,PP,2015,00FB,
WA,WA,11.62,28.72,2016/1/29,PP,2016,00WA,
WB,WB,12.33,30.46,2016/1/29,PP,2016,00WB,
White Pasture,White Pasture,124.93,308.69,2016/3/9,PP,2016,WHIT,
C3SB,SB,226.265,559.112,2016/3/11,PP,2016,C3SB,
C3A,C3A,48.728,120.41,2016/3/11,PP,2016,C03A,
C1A,C1A,93.78,231.73,2016/3/11,PP,2016,C01A,
HQA,HQA,12.28,30.344,2016/3/14,PP,2016,0HQA,
HQB,HQB,14.92,36.868,2016/3/14,PP,2016,0HQB,
HQC,HQC,17.483,43.201,2016/3/14,PP,2016,0HQC,
HQD,HQD,28.25,69.807,2016/3/17,PP,2016,0HQD,
N4A,N4A,99.196,245.118,2016/3/17,PP,2016,N04A,
N2A,N2A,101.215,250.107,2016/3/17,PP,2016,N02A,
R1A,20A/3B3UA,48.66,120.241,2016/3/28,PP,2016,R01A,
K1A,K1A,113.89,281.428,2016/4/4,PP,2016,K01A,
C1SB,Texas Hog Pasture,76.36,188.69,2016/4/4,PP,2016,C1SB,
N1A,N1A,33.83,83.596,2016/4/4,PP,2016,N01ANE,
Nature Trail,Nature Trail,60.726,150.056,2016/4/11,PP,2016,NATR,
Brome Field N of K4A,AL,35.38,87.38,2016/4/12,PP,2016,00AL,
K20A,K20A,83.13,205.418,2016/4/12,PP,2016,K20A,
N1A,N1A,60.03,148.322,2016/4/12,PP,2016,N01ASW,
K2A,K2A,66.1,163.336,2016/4/13,PP,2016,K02A,
K1B/K4B,K1B,181.665,448.905,2016/4/13,PP,2016,K01B,
N20B,N20B,84.364,208.467,2016/4/13,PP,2016,N20B,
N1B,N1B,120.683,298.214,2016/4/13,PP,2016,N01B,
2A,2A,28.3,69.94,2016/5/3,PP,2016,002A,
1B,1B/WA,35.89,88.69,2016/5/3,PP,2016,001B,
SpA,4C/10A,33.402,82.539,2016/5/3,PP,2016,0SpA,
SpB,4D/WB,35.74,88.31,2016/5/3,PP,2016,0SpB,
2B,2B/10B,14.4,35.59,2016/5/3,PP,2016,002B,
1D,1D,41.55,102.67,2016/5/3,PP,2016,001D,
R1B,20D/4H,39.797,98.34,2016/5/3,PP,2016,R01B,
SuA,10C/3U3BC,22.86,56.488,2016/7/26,PP,2016,0SuA,
SuB,SuB,15.63,38.62,2016/7/26,PP,2016,0SuB,
FA,FA,11.089,27.401,2016/11/10,PP,2016,00FA,
FB,FB,10.631,26.27,2016/11/10,PP,2016,00FB,
WA,WA,11.62,28.72,2017/2/6,PP,2017,00WA,
WB,WB,12.33,30.46,2017/2/6,PP,2017,00WB,
AL,Brome field S of K1A,19.54,48.29,2017/3/9,PP,2017,00AL,
K1A,K1A,113.89,281.428,2017/3/9,PP,2017,K01A,
C1SB,Texas Hog Pasture,76.36,188.69,2017/3/9,PP,2017,C1SB,
K4A,K4A,53.16,131.361,2017/3/9,PP,2017,K04A,
C3SA,SA,102.076,252.235,2017/3/10,PP,2017,C3SA,
C1A,C1A,93.78,231.73,2017/3/10,PP,2017,C01A,
C3B,C3B,66.59,164.547,2017/3/10,PP,2017,C03B,
HQA,HQA,12.28,30.344,2017/3/15,PP,2017,0HQA,
HQB,HQB,14.92,36.868,2017/3/15,PP,2017,0HQB,
HQC,HQC,17.483,43.201,2017/3/15,PP,2017,0HQC,
K20A,K20A,83.13,205.418,2017/3/16,PP,2017,K20A,
N1A,N1A,33.83,83.596,2017/3/16,PP,2017,N01ANE,
N1A,N1A,60.03,148.322,2017/3/20,PP,2017,N01ASW,
N2B,N2B,118.78,293.511,2017/3/20,PP,2017,N02B,
N4D,N4D,135.45,334.704,2017/3/20,PP,2017,N04D,
N1B,N1B,120.683,298.214,2017/3/20,PP,2017,N01B,
K1B/K4B,K1B,181.665,448.905,2017/4/11,PP,2017,K01B,
1D,1D,41.55,102.67,2017/4/13,PP,2017,001D,
2D,2D,48.41,119.62,2017/4/13,PP,2017,002D,
2C,2C,22.95,56.72,2017/4/13,PP,2017,002C,
Spa,4C/10A,33.402,82.539,2017/4/13,PP,2017,0SpA,
SpB,4D/WB,35.74,88.31,2017/4/13,PP,2017,0SpB,
R1A,20A/3B3UA,48.66,120.241,2017/4/13,PP,2017,R01A,
R1B,20D/4H,39.797,98.34,2017/4/13,PP,2017,R01B,
4B,4B,54.5,134.67,2017/4/13,PP,2017,004B,
20B,20B/UC/4B,23.77,58.75,2017/4/13,PP,2017,020B,
1B,1B/WA,35.89,88.69,2017/4/13,PP,2017,001B,
FA,FA,11.089,27.401,2017/11/10,PP,2017,00FA,
FB,FB,10.631,26.27,2017/11/10,PP,2017,00FB,
WA,WA,11.62,28.72,2018/2/14,PP,2018,00WA,
WB,WB,12.33,30.46,2018/2/14,PP,2018,00WB,
Nature trail,Nature trail,60.726,150.056,2018/3/1,PP,2018,NATR,
C1SB,Texas Hog Pasture,76.36,188.69,2018/3/1,PP,2018,C1SB,
HQA,HQA,12.28,30.344,2018/3/8,PP,2018,0HQA,
HQB,HQB,14.92,36.868,2018/3/8,PP,2018,0HQB,
HQC,HQC,17.483,43.201,2018/3/8,PP,2018,0HQC,
HQD,HQD,28.25,69.807,2018/3/9,PP,2018,0HQD,
N1B,N1B,120.683,298.214,2018/3/9,PP,2018,N01B,
N1A,N1A,33.83,83.596,2018/3/12,PP,2018,N01ANE,
Al,Brome field N of K4A,35.38,87.42,2018/3/12,PP,2018,0ALE,
Al,Brome field S of K1A,19.54,48.29,2018/3/12,PP,2018,0ALD,
K1A,K1A,113.89,281.428,2018/3/12,PP,2018,K01A,
N2A,N2A,101.215,250.107,2018/3/13,PP,2018,N02A,
N4C,N4C,77.842,192.351,2018/3/13,PP,2018,N04C,
SpA,4C/10A,33.402,82.539,2018/3/14,wp,2018,0SpA,wildfire from I-70. unit was planned to be burned anyway
SpB,4D/WB,35.74,88.31,2018/3/14,wp,2018,0SpB,wildfire from I-70. unit was planned to be burned anyway
2B,2B/10B,14.4,35.59,2018/3/14,wp,2018,002B,wildfire from I-70. unit was planned to be burned anyway
K1B/K4B,K1B,181.665,448.905,2018/3/21,PP,2018,K01B,
K2A,K2A,66.1,163.336,2018/3/21,PP,2018,K02A,
2A,2A,28.3,69.94,2018/3/30,PP,2018,002A,
1B,1B/WA,35.89,88.69,2018/3/30,PP,2018,001B,
R1B,20D/4H,39.797,98.34,2018/3/30,PP,2018,R01B,
White Pasture,White Pasture,41.64,102.9,2018/4/17,PP,2018,WHIT,south 1/3 of white pasture. WHITE PASSURE S
C3SC,SC,127.02,313.873,2018/4/17,PP,2018,C3SC,
C3C,C3C,102.423,253.093,2018/4/17,PP,2018,C03C,
C1A,C1A,93.78,231.73,2018/4/17,PP,2018,C01A,
White Pasture,White Pasture,83.29,205.79,2018/4/19,PP,2018,WHIT,north 2/3 of white pasture. WHITE PASSURE N
R1A,20A/3B3UA,48.66,120.241,2018/4/23,PP,2018,R01A,
1D,1D,41.55,102.67,2018/4/23,PP,2018,001D,
4A,4A,18.84,46.56,2018/4/23,PP,2018,004A,
K20a,K20A,83.13,205.418,2018/8/1,PP,2018,K20A,
SuA,10C/3U3BC,22.86,56.488,2018/8/1,PP,2018,0SuA,
SuB,SuB,15.63,38.62,2018/8/1,PP,2018,0SuB,
FA,FA,11.089,27.401,2018/11/16,PP,2018,00FA,
FB,FB,10.631,26.27,2018/11/16,PP,2018,00FB,
WA,WA,11.62,28.72,2019/2/1,PP,2019,00WA,
WB,WB,12.33,30.46,2019/2/1,PP,2019,00WB,
C3SB,SB,226.265,559.112,2019/3/18,PP,2019,C3SB,
C3A,C3A,48.728,120.41,2019/3/18,PP,2019,C03A,
C1A,C1A,93.78,231.73,2019/3/18,PP,2019,C01A,
C1SB,Texas Hog Pasture,76.36,188.69,2019/3/20,PP,2019,C1SB,
K1A,K1A,113.89,281.428,2019/3/20,PP,2019,K01A,
ALE,Brome field N of K4A,35.38,87.42,2019/3/20,PP,2019,0ALE,
ALD,Brome field S of K1,19.54,48.29,2019/3/20,PP,2019,0ALD,
N1A,N1A,34,84,2019/3/22,PP,2019,N01ANE,
N4B,N4B,56.775,140.293,2019/3/22,PP,2019,N04B,
K1B/K4B,K1B,181.665,448.905,2019/3/22,PP,2019,K01B,
HQA,HQA,12.28,30.344,2019/4/1,PP,2019,0HQA,
HQB,HQB,14.92,36.868,2019/4/1,PP,2019,0HQB,
HQC,HQC,17.483,43.201,2019/4/1,PP,2019,0HQC,
HQE,HQE,8.094,20,2019/4/1,PP,2019,0HQE,restoration areas
N1A,N1A,60.03,148.322,2019/4/2,PP,2019,N01ASW,
N2B,N2B,118.78,293.511,2019/4/2,PP,2019,N02B,
N1B,N1B,120.683,298.214,2019/4/2,PP,2019,N01B,
4F,4F,16.37,40.44,2019/4/2,PP,2019,004F,
WN2A,.,8.9,22,2019/4/5,PP,2019,WN02A,strip west of N2A
WN4A,.,5.3,13,2019/4/5,PP,2019,WN04A,Strip west of N4A
R1A,20A/3B3UA,48.66,120.241,2019/4/5,PP,2019,R01A,
1B,1B/WA,35.89,88.69,2019/4/5,PP,2019,001B,
1D,1D,41.55,102.67,2019/4/15,PP,2019,001D,
2D,2D,48.41,119.62,2019/4/15,PP,2019,002D,
R1B,20D/4H,39.797,98.34,2019/4/15,PP,2019,R01B,
SPA,4C/10A,33.402,82.539,2019/4/15,PP,2019,Sp0A,
SPB,4D/WB,35.74,88.31,2019/4/15,PP,2019,0SpB,
2C,2C,22.95,56.72,2019/4/15,PP,2019,002C,
FA,FA,11.089,27.401,2019/11/5,PP,2019,00FA,
FB,FB,10.631,26.27,2019/11/5,PP,2019,00FB,
WA,WA,11.62,28.72,2020/2/6,PP,2020,00WA,
WB,WB,12.33,30.46,2020/2/6,PP,2020,00WB,
C3SA,SA,102.076,252.235,2020/3/2,PP,2020,C3SA,
C1SB,Texas Hog Pasture,76.36,188.69,2020/3/2,PP,2020,C1SB,
N2A,N2A,101.215,250.107,2020/3/6,PP,2020,N02A,
N4A,N4A,99.196,245.118,2020/3/6,PP,2020,N04A,
R1A,20A/3B3UA,48.66,120.241,2020/3/6,PP,2020,R01A,
C1A,C1A,93.78,231.73,2020/3/13,PP,2020,C01A,
C3B,C3B,66.59,164.547,2020/3/13,PP,2020,C03B,
Hulbert Restoration,HQ Restoration Plots,5.718,14.129,2020/3/13,PP,2020,0HQR,Restored Field below Hulbert Center
HQA,HQA,12.28,30.344,2020/3/21,PP,2020,0HQA,
HQB,HQB,14.92,36.868,2020/3/21,PP,2020,0HQB,
HQC,HQC,17.483,43.201,2020/3/21,PP,2020,0HQC,
HQD,HQD,28.25,69.807,2020/3/21,PP,2020,0HQD,
WN2A,.,8.9,22,2020/3/21,PP,2020,WN02A,Strip west of N2A
WN4A,.,5.3,13,2020/3/21,PP,2020,WN04A,Strip west of N4A
K1A,K1A,113.89,281.428,2020/3/24,PP,2020,K01A,
K20A,K20A,83.13,205.418,2020/3/24,PP,2020,K20A,
Nature Trail,Nature trail,72.84,180,2020/4/4,PP,2020,NATR,
N1A ,N1A,60.03,148.322,2020/4/7,PP,2020,N01ASW,
N1A ,N1A ,33.83,83.596,2020/4/7,PP,2020,N01ANE,
N1B,N1B,120.683,298.214,2020/4/7,PP,2020,N01B,
K2A,K2A,66.1,163.336,2020/4/10,PP,2020,K02A,
K1B/K4B,K1B,181.665,448.905,2020/4/10,PP,2020,K01B,
1D,1D,41.55,102.67,2020/4/15,PP,2020,001D,
HQE,HQE,8.094,20,2020/4/15,PP,2020,0HQE,
R1B,20D/4H,39.797,98.34,2020/4/21,PP,2020,R01B,
SPB,4D/WB,35.74,88.31,2020/4/21,PP,2020,0SpB,
SPA,4C/10A,33.402,82.539,2020/4/21,PP,2020,Sp0A,
2B,2B/10B,14.4,35.59,2020/4/21,PP,2020,002B,
1B,1B/WA,35.89,88.69,2020/4/21,PP,2020,001B,
2A,2A,28.3,69.94,2020/4/21,PP,2020,002A,
Nature Trail - North Hill,Nature Trail,33.076,81.732,2020/4/21,PP,2020,NATR,Nature trail area north of K1A
SuA,10C/3U3BC,22.86,56.488,2020/8/4,PP,2020,0SuA,
SuB,SuB,15.63,38.62,2020/8/4,PP,2020,0SuB,
ALC,AL,22,54.36,2020/8/4,PP,2020,0ALC,
ALD,Brome field S of K1,19.54,48.29,2020/8/4,PP,2020,0ALD,
ALE,Brome field N of K4A,35.38,87.42,2020/8/4,PP,2020,0ALE,
R1B,20D/4H,39.797,98.34,2020/11/3,WP,2020,R01B,
20C,20C/3B3UD,4.86,12,2020/11/3,WU,2020,020C,Southeast corner
FA,FA,11.089,27.401,2020/11/4,PP,2020,00FA,
FB,FB,10.631,26.27,2020/11/4,PP,2020,00FB,
WA,WA,11.62,28.72,2021/2/26,PP,2021,00WA,
WB,WB,12.33,30.46,2021/2/26,PP,2021,00WB,
K1A,K1A,113.89,281.428,2021/3/1,PP,2021,K01A,
C1SB,Texas Hog Pasture,76.36,188.69,2021/3/1,PP,2021,C1SB,
K20A,K20A,83.13,205.418,2021/3/4,PP,2021,K20A,
C3SC,SC,127.02,313.873,2021/3/4,PP,2021,C3SC,
C1A,C1A,93.78,231.73,2021/3/5,PP,2021,C01A,
C3C,C3C,102.423,253.093,2021/3/5,PP,2021,C03C,
White Pasture,White Pasture,124.93,308.69,2021/3/5,PP,2021,WHIT,
HQA,HQA,12.28,30.344,2021/4/1,PP,2021,0HQA,
HQB,HQB,14.92,36.868,2021/4/1,PP,2021,0HQB,
HQC,HQC,17.483,43.201,2021/4/1,PP,2021,0HQC,
R1A,20A/3B3UA,48.66,120.241,2021/4/1,PP,2021,R01A,
R20A,1A,26.332,65.068,2021/4/3,WU,2021,R20A,
2A,2A,28.3,69.94,2021/4/3,WU,2021,002A,
4A,4A,18.84,46.56,2021/4/3,WU,2021,004A,
4B,4B,54.5,134.67,2021/4/3,WP,2021,004B,
1B,1B/WA,35.89,88.69,2021/4/3,WP,2021,001B,
K1B/K4B,K1B/K4B,181.26,447.9,2021/4/9,PP,2021,K01B,
N1A,N1A,60.03,148.322,2021/4/12,PP,2021,N01ASW,
N1A,N1A,33.83,83.596,2021/4/12,PP,2021,N01ANE,
K4A,K4A,53.16,131.361,2021/4/12,PP,2021,K04A,
N20B,N20B,84.364,208.467,2021/4/12,PP,2021,N20B,
N20A,N20A,82.98,205.048,2021/4/12,PP,2021,N20A,
N2B,N2B,118.78,293.511,2021/4/12,PP,2021,N02B,
N4D,N4D,135.45,334.704,2021/4/12,PP,2021,N04D,
N1B,N1B,120.683,298.214,2021/4/12,PP,2021,N01B,
SpA,4C,8.82,21.795,2021/4/22,PP,2021,0SpA,
SpB,4D/WB,35.74,88.31,2021/4/22,PP,2021,0SpB,
2C,2C,22.95,56.72,2021/4/22,PP,2021,002C,
1D,1D,41.55,102.67,2021/4/22,PP,2021,001D,
2D,2D,48.41,119.62,2021/4/22,PP,2021,002D,
R20B,1C,12.315,30.431,2021/4/30,PP,2021,R20B,
FA,FA,11.089,27.401,2021/11/8,PP,2021,00FA,
FB,FB,10.631,26.27,2021/11/9,PP,2021,00FB,
WA,WA,11.62,28.72,2022/2/19,PP,2022,00WA,
WB,WB,12.33,30.46,2022/2/19,PP,2022,00WB,
N2A,N2A,101.215,250.107,2022/3/1,PP,2022,N02A,
N4C,N4C,77.842,192.351,2022/3/1,PP,2022,N04C,
HQD,HQD,28.25,69.807,2022/3/1,PP,2022,0HQD,
N20A,N20A,82.98,205.048,2022/3/2,PP,2022,N20A,
N1A,N1A,33.83,83.596,2022/3/2,PP,2022,N01ANE,N1A Northeast
N1A,N1A,60.03,148.322,2022/3/2,PP,2022,N01ASW,N1A Southwest
Nature Trail,Nature Trail,72.84,180,2022/3/15,PP,2022,NATR,
C1A,C1A,93.78,231.73,2022/3/26,PP,2022,C01A,
C3A,C3A,48.728,120.41,2022/3/26,PP,2022,C03A,
C3SB,SB,226.265,559.112,2022/3/26,PP,2022,C3SB,
N1B,N1B,120.683,298.214,2022/3/28,PP,2022,N01B,
C1SB,Texas Hog Pasture,76.36,188.69,2022/4/4,PP,2022,C1SB,
Nature Trail - North Hill,Nature Trail,33.076,81.732,2022/4/4,PP,2022,NATR,Nature trail area north of K1A
ALD,Brome field S of K1,19.54,48.29,2022/4/4,PP,2022,0ALD,
ALE,Brome field N of K4A,35.38,87.42,2022/4/4,PP,2022,0ALE,
K1A,K1A,113.89,281.428,2022/4/11,PP,2022,K01A,
K20A,K20A,83.13,205.418,2022/4/11,PP,2022,K20A,
R1B,20D/4H,39.797,98.34,2022/4/11,PP,2022,R01B,
1D,1D,41.55,102.67,2022/4/11,PP,2022,001D,
N20B,N20B,84.364,208.467,2022/4/11,PP,2022,N20B,
K1B,K1B,105.138,259.801,2022/4/11,PP,2022,K01B,
K2A,K2A,66.1,163.336,2022/4/15,PP,2022,K02A,
HQA,HQA,12.28,30.344,2022/4/15,PP,2022,0HQA,
HQB,HQB,14.92,36.868,2022/4/15,PP,2022,0HQB,
HQC,HQC,17.483,43.201,2022/4/15,PP,2022,0HQC,
R1A,20A/3B3UA,48.66,120.241,2022/4/21,PP,2022,R01A,
4A,4A,18.84,46.56,2022/4/21,PP,2022,004A,
2A,2A,28.3,69.94,2022/4/26,PP,2022,002A,
1B,1B/WA,35.89,88.69,2022/4/26,PP,2022,001B,
SPA,4C/10A,33.402,82.539,2022/4/26,PP,2022,0SpA,
SPB,4D/WB,35.74,88.31,2022/4/26,PP,2022,0SPB,
2B,2B/10B,14.4,35.59,2022/4/26,PP,2022,002B,
SuA,10C/3U3BC,22.86,56.488,2022/8/1,PP,2022,0SuA,
SuB,SuB,15.63,38.62,2022/8/1,PP,2022,0SuB,
FA,FA,11.089,27.401,2022/11/21,PP,2022,00FA,
FB,FB,10.631,26.27,2022/11/21,PP,2022,00FB,
WA,WA,11.62,28.72,2023/2/8,PP,2023,00WA,
WB,WB,12.33,30.46,2023/2/8,PP,2023,00WB,
C1SB,Texas Hog Pasture,76.36,188.69,2023/3/1,PP,2023,C1SB,
C3SA,SA,102.076,252.235,2023/3/1,PP,2023,C3SA,
K1A,K1A,113.89,281.428,2023/3/6,PP,2023,K01A,
2D,2D,48.41,119.62,2023/3/10,PP,2023,002D,
C1A,C1A,93.78,231.73,2023/3/10,PP,2023,C01A,
C3B,C3B,66.59,164.547,2023/3/10,PP,2023,C03B,
R1B,20D/4H,39.797,98.34,2023/3/10,PP,2023,R01B,
HQA,HQA,12.28,30.344,2023/3/22,PP,2023,0HQA,
White Pasture,White Pasture,124.93,308.69,2023/3/23,PP,2023,WHIT,
N1A,N1A,33.83,83.596,2023/3/27,PP,2023,N01ANE,NEN1A
N1A,N1A,60.03,148.322,2023/3/27,PP,2023,N01ASW,SWN1A
N20A,N20A,82.98,205.048,2023/3/27,PP,2023,N20A,
N20B,N20B,84.364,208.467,2023/3/27,PP,2023,N20B,
N2B,N2B,118.78,293.511,2023/3/27,PP,2023,N02B,
N4B,N4B,56.775,140.293,2023/3/27,PP,2023,N04B,
K1B,K1B/K4B,181.26,447.9,2023/4/6,PP,2023,K01B,changed the watershed name to K1B used to be K1B/K4B
K20A,K20A,83.13,205.418,2023/4/6,PP,2023,K20A,
WN2A,.,8.9,22,2023/4/7,PP,2023,WN02A,Strip west of N2A
WN4A,.,5.3,13,2023/4/7,PP,2023,WN04A,Strip west of N4A
HQB,HQB,14.92,36.868,2023/4/10,PP,2023,0HQB,
1D,1D,41.55,102.67,2023/4/17,PP,2023,001D,
HQC,HQC,17.483,43.201,2023/4/17,PP,2023,0HQC,
HQE,HQE,8.094,20,2023/4/17,PP,2023,0HQE,
N1B,N1B,120.683,298.214,2023/4/17,PP,2023,N01B,
1B,1B/WA,35.89,88.69,2023/4/25,PP,2023,001B,
2C,2C,22.95,56.72,2023/4/25,PP,2023,002C,
4F,4F,16.37,40.44,2023/4/25,PP,2023,004F,
R1A,20A/3B3UA,48.66,120.241,2023/4/25,PP,2023,R01A,
SPA,4C/10A,33.402,82.539,2023/4/25,PP,2023,0SpA,
SPB,4D/WB,35.74,88.31,2023/4/25,PP,2023,0SPB,
ALE,Brome field N of K4A,35.38,87.42,2023/4/27,PP,2023,0ALE,
N4C,N4C,.,.,2023/9/25,PP,2023,N04C,east 1/2. new fireguard split n4c 2023
FA,FA,11.089,27.401,2023/11/7,PP,2023,00FA,
FB,FB,10.631,26.27,2023/11/7,PP,2023,00FB,
WA,WA,11.62,28.72,2024/2/6,PP,2024,00WA,
WB,WB,12.33,30.46,2024/2/6,PP,2024,00WB,
K1A,K1A,113.89,281.428,2024/3/5,PP,2024,K01A,
C1A,C1A,93.78,231.73,2024/3/6,PP,2024,C01A,
C3C,C3C,102.423,253.093,2024/3/6,PP,2024,C03C,
R1B,20D/4H,39.797,98.34,2024/3/6,PP,2024,R01B,
HQD,HQD,28.25,69.807,2024/3/12,PP,2024,0HQD,
N2A,N2A,101.215,250.107,2024/3/12,PP,2024,N02A,
N4A,N4A,99.196,245.118,2024/3/12,PP,2024,N04A,
N4C,N4C,.,.,2024/3/12,PP,2024,N04C,west 1/2
WN2A,.,8.9,22,2024/3/12,PP,2024,WN02A,Strip west of N2A
WN4A,.,5.3,13,2024/3/12,PP,2024,WN04A,Strip west of N4A
C3SC,SC,127.02,313.873,2024/3/13,PP,2024,C3SC,
C1SB,Texas Hog Pasture,76.36,188.69,2024/3/15,PP,2024,C1SB,
N1A,N1A,33.83,83.596,2024/3/15,PP,2024,N01ANE,NEN1A
N1B,N1B,120.683,298.214,2024/3/19,PP,2024,N01B,
N20B,N20B,84.364,208.467,2024/3/19,PP,2024,N20B,
Nature Trail,Nature Trail,72.84,180,2024/3/30,PP,2024,NATR,
Nature Trail - North Hill,Nature Trail,33.076,81.732,2024/3/30,PP,2024,NATR,Nature trail area north of K1A
HQE,HQE,8.094,20,2024/4/5,PP,2024,0HQE,
K20A,K20A,83.13,205.418,2024/4/9,PP,2024,K20A,
K2A,K2A,66.1,163.336,2024/4/9,PP,2024,K02A,
1D,1D,41.55,102.67,2024/4/10,PP,2024,001D,
Belowground Plots,Belowground Plots,1.45,3.58,2024/4/10,PP,2024,LTERBG,
HQC,HQC,17.483,43.201,2024/4/10,PP,2024,0HQC,
K1B,K1B/K4B,181.26,447.9,2024/4/10,PP,2024,K01B,
1B,1B/WA,35.89,88.69,2024/4/12,PP,2024,001B,
2A,2A,28.3,69.94,2024/4/12,PP,2024,002A,
2B,2B/10B,14.4,35.59,2024/4/12,PP,2024,002B,
R1A,20A/3B3UA,48.66,120.241,2024/4/12,PP,2024,R01A,
SPA,4C/10A,33.402,82.539,2024/4/12,PP,2024,0SpA,
SPB,4D/WB,35.74,88.31,2024/4/12,PP,2024,0SPB,
ALE,Brome field N of K4A,35.38,87.42,2024/4/17,PP,2024,0ALE,
HQA,HQA,12.28,30.344,2024/4/17,PP,2024,0HQA,
HQB,HQB,14.92,36.868,2024/4/17,PP,2024,0HQB,
Hulbert Restoration,HQ Restoration Plots,5.718,14.129,2024/4/17,PP,2024,0HQR,Restored Field below Hulbert Center
Nature Trail -Restoration,Restored - NT Head,2.775,6.858,2024/4/17,PP,2024,.,
SuA,10C/3U3BC,22.86,56.488,2024/8/7,PP,2024,0SuA,
SuB,SuB,15.63,38.62,2024/8/7,PP,2024,0SuB,
N4C,N4C,.,.,2024/9/26,PP,2024,N04C,east 1/2; new fireguard split n4c 2023
FA,FA,11.089,27.401,2024/11/14,PP,2024,00FA,
FB,FB,10.631,26.27,2024/11/14,PP,2024,00FB,
WA,WA,11.62,28.72,2025/2/25,PP,2025,00WA,
WB,WB,12.33,30.46,2025/2/25,PP,2025,00WB,
C3A,C3A,48.728,120.41,2025/3/12,PP,2025,C03A,
C3B,C3B,66.59,164.547,2025/3/12,PP,2025,C03B,
C3C,C3C,102.423,253.093,2025/3/12,PP,2025,C03C,
C3SA,SA,102.076,252.235,2025/3/12,PP,2025,C3SA,
C3SB,SB,226.265,559.112,2025/3/12,PP,2025,C3SB,
C3SC,SC,127.02,313.873,2025/3/12,PP,2025,C3SC,
WN2A,.,8.9,22,2025/3/24,PP,2025,WN02A,Strip west of N2A
WN4A,.,5.3,13,2025/3/24,PP,2025,WN04A,Strip west of N4A
K1B,K1B/K4B,181.26,447.9,2025/3/25,PP,2025,K01B,
N20B,N20B,84.364,208.467,2025/3/25,PP,2025,N20B,
R1B,20D/4H,39.797,98.34,2025/3/26,PP,2025,R01B,
K4A,K4A,53.16,131.361,2025/3/27,WP,2025,K04A,
N1A,N1A,33.83,83.596,2025/3/27,WP,2025,N01ANE,NEN1A
N4B,N4B,56.775,140.293,2025/3/27,WU,2025,N04B,
Hulbert Restoration,HQ Restoration Plots,5.718,14.129,2025/3/29,PP,2025,0HQR,Restored Field below Hulbert Center
K1A,K1A,113.89,281.428,2025/3/31,PP,2025,K01A,
K20A,K20A,83.13,205.418,2025/3/31,PP,2025,K20A,
White Pasture,White Pasture,124.93,308.69,2025/4/3,PP,2025,WHIT,
C1SB,Texas Hog Pasture,76.36,188.69,2025/4/6,PP,2025,C1SB,
N1A,N1A,60.03,148.322,2025/4/7,PP,2025,N01ASW,SWN1A
N1B,N1B,120.683,298.214,2025/4/7,PP,2025,N01B,
N20A,N20A,82.98,205.048,2025/4/7,PP,2025,N20A,
N2B,N2B,118.78,293.511,2025/4/7,PP,2025,N02B,
N4D,N4D,135.45,334.704,2025/4/7,PP,2025,N04D,
ALC,AL,22,54.36,2025/4/15,PP,2025,0ALC,
ALD,Brome field S of K1,19.54,48.29,2025/4/15,PP,2025,0ALD,
ALE,Brome field N of K4A,35.38,87.42,2025/4/15,PP,2025,0ALE,
HQB,HQB,14.92,36.868,2025/4/15,PP,2025,0HQB,
HQE,HQE,8.094,20,2025/4/15,PP,2025,0HQE,
N4A,N4A,99.196,245.118,2025/4/15,WU,2025,N04A,
N4C,N4C,.,.,2025/4/15,PP,2025,N04C,west 1/2
1B,1B/WA,35.89,88.69,2025/4/21,PP,2025,001B,
1D,1D,41.55,102.67,2025/4/21,PP,2025,001D,
2C,2C,22.95,56.72,2025/4/21,PP,2025,002C,
2D,2D,48.41,119.62,2025/4/21,PP,2025,002D,
4B,4B,54.5,134.67,2025/4/21,WP,2025,004B,
Belowground Plots,Belowground Plots,1.45,3.58,2025/4/21,PP,2025,LTERBG,
HQA,HQA,12.28,30.344,2025/4/21,PP,2025,0HQA,
HQC,HQC,17.483,43.201,2025/4/21,PP,2025,0HQC,
R1A,20A/3B3UA,48.66,120.241,2025/4/21,PP,2025,R01A,
SPA,4C/10A,33.402,82.539,2025/4/21,PP,2025,0SpA,
SPB,4D/WB,35.74,88.31,2025/4/21,PP,2025,0SPB,
Nature Trail -Restoration,Restored - NT Head,2.775,6.858,2025/4/23,PP,2025,.,
N4C,N4C,.,.,2025/11/5,PP,2025,N04C,east 1/2; new fireguard split n4c 2023
FA,FA,11.089,27.401,2025/11/13,PP,2025,00FA,
FB,FB,10.631,26.27,2025/11/13,PP,2025,00FB,
WA,WA,11.62,28.72,2026/2/12,PP,2026,00WA,
WB,WB,12.33,30.46,2026/2/12,PP,2026,00WB,
HQA,HQA,12.28,30.344,2026/3/5,PP,2026,0HQA,
Belowground Plots,Belowground Plots,1.45,3.58,2026/3/9,PP,2026,LTERBG,
HQC,HQC,17.483,43.201,2026/3/9,PP,2026,0HQC,
HQD,HQD,28.25,69.807,2026/3/9,PP,2026,0HQD,
N2A,N2A,101.215,250.107,2026/3/9,PP,2026,N02A,
N4C,N4C,.,.,2026/3/9,PP,2026,N04C,west 1/2
WN2A,.,8.9,22,2026/3/9,PP,2026,WN02A,Strip west of N2A
N1B,N1B,120.683,298.214,2026/3/10,PP,2026,N01B,
C1SB,Texas Hog Pasture,76.36,188.69,2026/3/13,PP,2026,C1SB,
K1A,K1A,113.89,281.428,2026/3/13,PP,2026,K01A,
N1A,N1A,33.83,83.596,2026/3/19,PP,2026,N01ANE,NEN1A
N1A,N1A,60.03,148.322,2026/3/19,PP,2026,N01ASW,SWN1A
N20A,N20A,82.98,205.048,2026/3/19,PP,2026,N20A,
N20B,N20B,84.364,208.467,2026/3/19,PP,2026,N20B,
ALC,AL,22,54.36,2026/3/21,PP,2026,0ALC,
ALD,Brome field S of K1,19.54,48.29,2026/3/21,PP,2026,0ALD,
C1A,C1A,93.78,231.73,2026/3/23,PP,2026,C01A,
C3A,C3A,48.728,120.41,2026/3/23,PP,2026,C03A,
C3B,C3B,66.59,164.547,2026/3/23,PP,2026,C03B,
C3C,C3C,102.423,253.093,2026/3/23,PP,2026,C03C,
C3SA,SA,102.076,252.235,2026/3/23,PP,2026,C3SA,
C3SB,SB,226.265,559.112,2026/3/23,PP,2026,C3SB,
C3SC,SC,127.02,313.873,2026/3/23,PP,2026,C3SC,
R1B,20D/4H,39.797,98.34,2026/3/23,PP,2026,R01B,
ALE,Brome field N of K4A,35.38,87.42,2026/3/24,PP,2026,0ALE,
K20A,K20A,83.13,205.418,2026/3/24,PP,2026,K20A,
HQB,HQB,14.92,36.868,2026/4/6,PP,2026,0HQB,
Nature Trail,Nature Trail,72.84,180,2026/4/6,PP,2026,NATR,
Nature Trail - North Hill,Nature Trail,33.076,81.732,2026/4/6,PP,2026,NATR,Nature trail area north of K1A
Nature Trail -Restoration,Restored - NT Head,2.775,6.858,2026/4/6,PP,2026,.,
WN4A,.,5.3,13,2026/4/6,PP,2026,WN04A,Strip west of N4A
1B,1B/WA,35.89,88.69,2026/4/14,WP,2026,001B,
1D,1D,41.55,102.67,2026/4/14,WP,2026,001D,
20C,20C/3B3UD,36.07,89.13,2026/4/14,WP,2026,020C,
2A,2A,28.3,69.94,2026/4/14,WP,2026,002A,
2B,2B/10B,14.4,35.59,2026/4/14,WP,2026,002B,
2D,2D,48.41,119.62,2026/4/14,WU,2026,002D,
4A,4A,18.84,46.56,2026/4/14,WP,2026,004A,
4B,4B,54.5,134.67,2026/4/14,WU,2026,004B,
R1A,20A/3B3UA,48.66,120.241,2026/4/14,WP,2026,R01A,
R20A,1A,26.332,65.068,2026/4/14,WP,2026,R20A,
SPA,4C/10A,33.402,82.539,2026/4/14,WP,2026,0SpA,
SPB,4D/WB,35.74,88.31,2026/4/14,WP,2026,0SPB,
SuA,10C/3U3BC,22.86,56.488,2026/4/14,WU,2026,0SuA,east 80%
HQE,HQE,8.094,20,2026/4/16,PP,2026,0HQE,
Hulbert Restoration,HQ Restoration Plots,5.718,14.129,2026/4/16,PP,2026,0HQR,Restored Field below Hulbert Center
K1B,K1B/K4B,181.26,447.9,2026/4/16,PP,2026,K01B,
K2A,K2A,66.1,163.336,2026/4/16,PP,2026,K02A,
R20B,1C,12.315,30.431,2026/4/16,PP,2026,R20B,
